id,prioritaet,phase,rolle,beschreibung,abnahmekriterium,kapitel,quelle_keys,modul,test,status
ANF-03-01,Muss,Werkplanung,WP,"Die App erzeugt jedes Wandelement als `IfcWall` (ELEMENTEDWALL), aggregiert aus Einzelteilen, und zusätzlich mit `IfcMaterialLayerSetUsage`.","Eingabe `daten/wandelement.json`: Ausgabe enthält 15 `IfcMember` STUD, 3 PLATE, 10 `IfcPlate` SHEET, 12 `IfcBuildingElementPart` INSULATION, 1 MEMBRANE, 176 `IfcMechanicalFastener` SCREW, 1 `IfcVoidingFeature` NOTCH; Layer-Set mit 5 Schichten und Σ 287,7 mm; `ifcopenshell.validate` ohne Meldung.",3,dataholz;din4102-4;din4109-33;din68800-2;en1995-2026;holzbaurl2024;iso16739-2024;ral422;regnauerBLB2024;timbim2024,ifc-generator,tests/ifc-generator/test_anf_03_01.py,spezifiziert
ANF-03-02,Muss,querschnittlich,alle,"Die Erzeugung ist deterministisch; GlobalIds bleiben bei Parameteränderungen stabil, soweit das Bauteil fortbesteht.","Zwei Läufe mit `PYTHONHASHSEED` 1 und 4711 liefern denselben SHA-256. Brüstungshöhe 900 → 850 mm: GlobalId von Wand, Rasterständern, Schwelle, Rähm und Brüstungsriegel unverändert.",3,din68800-2;ral422;regnauerBLB2024,ifc-generator,tests/ifc-generator/test_anf_03_02.py,referenz_prototyp (B1)
ANF-03-03,Muss,Werkplanung,WP,"Ständerraster und Öffnungshölzer werden regelbasiert aus Raster, Querschnitt und Öffnungen erzeugt; Schwelle und Rähm verkürzen die Ständer.",B1: Randständer haben die Länge 2.630 mm (2.750 − 2 × 60); die Kerve K1 liegt in Ständer R1 bei z = 1.050 mm.,3,din68800-2;ral422;regnauerBLB2024,ifc-generator,tests/ifc-generator/test_anf_03_03.py,referenz_prototyp (B1)
ANF-03-04,Muss,Entwurf,KU,Der U-Wert wird nach DIN EN ISO 6946 mit dem geometrischen Holzanteil gerechnet und in `Pset_WallCommon.ThermalTransmittance` geschrieben. Der Rasterwert wird nur als Vergleich ausgegeben.,"B1 verputzt: U = 0,187 W/(m²K) (Holzanteil 22,5 %) im IFC; Vergleichswert Raster 0,163 W/(m²K) (9,6 %); Toleranz ± 0,0005.",3,holzbaurl2024;regnauerBLB2024,fachmodule,tests/fachmodule/test_anf_03_04.py,referenz_prototyp (B1)
ANF-03-05,Muss,Regelraum,FR,"Herstellerkennwerte sind Daten mit Quelle, Version, Gültigkeit und Status [V]/[U]/Konflikt. Zwei Quellen mit verschiedenen Werten für dieselbe Größe setzen den Status „Konflikt“ und sperren das Gate Werkplanung.","Riegelstärke Vitalwand aus Quelle A = 200 mm und Quelle B = 300 mm: Status „Konflikt“, Gate Werkplanung gesperrt, Meldung nennt beide Quellen. Nach Auflösung durch eine berechtigte Rolle (DAT-01) ist das Gate frei.",3,regnauerBLB2024,katalog,tests/katalog/test_anf_03_05.py,wartet_auf_DAT (DAT-01)
ANF-03-06,Muss,Regelraum,FR,"Plausibilitätsregel Wanddicke: Σ Schichtdicken (inklusive Putz) = Nennwanddicke ± Toleranz (Platzhalter 5 mm, DAT-05).","Nennwanddicke 345 mm, Schichten 25 + 300 + 60 + 15 mm: Fehler „Schichtsumme 400 mm ≠ 345 mm“. Schichten 25 + 200 + 100 + 20 mm: bestanden.",3,regnauerBLB2024,katalog,tests/katalog/test_anf_03_06.py,wartet_auf_DAT (DAT-05)
ANF-03-07,Muss,Fertigung,WK,Die Einbaufeuchte wird in zwei Regelprofilen geprüft: Norm (≤ 20 %) und Gütesicherung (≤ 18 %).,"Holz mit 19 % Einbaufeuchte: Profil „DIN 68800-2“ bestanden, Profil „RAL-GZ 422“ Verstoß.",3,din68800-2;ral422;regnauerBLB2024,regelmaschine,tests/regelmaschine/test_anf_03_07.py,spezifiziert
ANF-03-08,Muss,Entwurf,KU,"Ab Gebäudeklasse 4 lehnt die App brennbare Dämmstoffe in Bauteilen mit Anforderung „hochfeuerhemmend“ ab, sofern kein Nachweis hinterlegt ist.","GK 4, Außenwand mit Holzfaser (brennbar): Verstoß mit Verweis auf HolzBauRL 2024-09. GK 2 mit gleichem Aufbau: keine Meldung.",3,holzbaurl2024;regnauerBLB2024,regelmaschine,tests/regelmaschine/test_anf_03_08.py,spezifiziert
ANF-03-09,Muss,Werkplanung,WP,"Jede Öffnung durch eine Schicht mit `luftdicht = true` braucht eine Füllung (Manschette, luftdichte Dose), die als `IfcRelFillsElement` im Modell steht.","B15, Durchdringung D3: `IfcRelFillsElement` vorhanden. Steckdose in einer Außenwand ohne Installationsebene mit Dosentyp „Standard“: Warnung „luftdichte Dose erforderlich“.",3,regnauerBLB2024,regelmaschine,tests/regelmaschine/test_anf_03_09.py,referenz_prototyp (B15)
ANF-03-10,Muss,Werkplanung,WP,"Bohrungen in Deckenbalken werden gegen die Grenzwerte geprüft: unverstärkt hd ≤ 0,15 h; über 50 mm gilt die Öffnung als Durchbruch.",Balken h = 240 mm: DN 50 (Ø 60 mm) quer zur Balkenlage → Verstoß mit Vorschlag „parallel zu den Balken führen“; Leerrohr M25 (Ø 31 mm) → zulässig als Querschnittsschwächung.,3,regnauerBLB2024,solver,tests/solver/test_anf_03_10.py,spezifiziert
ANF-03-11,Muss,Werkplanung,WP,"Für Fallleitungen sucht die App die nächste Achse, die im Decken- und im Wandraster frei ist. Überschreitet der Verschub den zulässigen Wert, plant sie Wechsel bzw. Ständerauswechslung als eigene Bauteile.","B15, Leitung SW-01 bei x = 3.150 mm: freie Achse 3.270 mm, Verschub 120 mm > 100 mm → Strategie „Wechsel“ mit 2 Wechseln, 2 Stichbalken, 2 Wechselriegeln. Mit zulässigem Verschub 150 mm → Strategie „Verschieben“.",3,prochiner2006homes24;regnauerBLB2024,solver,tests/solver/test_anf_03_11.py,referenz_prototyp (B15)
ANF-03-12,Muss,Fertigung,WK,Die App exportiert jedes Holz als BTLx-Part mit Bearbeitungen. Jede Bearbeitung trägt die GlobalId des verursachenden Objekts als `UserAttribute`.,"B7: 18 Parts, Kerve als `Lap` (StartX 990, Länge 40, Tiefe 25 mm). B15: 5 Parts mit `Drilling`, `UserAttribute LeitungGUID` = GlobalId der Fallleitung.",3,btlx23;compastimber,exporte,tests/exporte/test_anf_03_12.py,"referenz_prototyp (B7, B15)"
ANF-03-13,Soll,Fertigung,WK,Die BTLx-Datei ist gegen die XSD der Version 2.3 valide und trägt Version und Gewicht korrekt.,"XSD-Prüfung ohne Fehler; `Version` = Zielversion; `Weight` je Part = Σ Volumen × Rohdichte aus dem IFC ± 1 % (heute `Weight=""0""`, Version 2.0.0).",3,btlx23;compastimber,exporte,tests/exporte/test_anf_03_13.py,spezifiziert
ANF-03-14,Muss,Fertigung,WK,"Der Export für Wandanlagen ist als austauschbarer Adapter gekapselt. Solange die Spezifikation fehlt, bricht er mit einer definierten Meldung ab, statt eine ungeprüfte Datei zu schreiben.","Aufruf ohne hinterlegte Spezifikation: Fehler „WUP-Spezifikation fehlt (DAT-04)“, keine Datei. Mit Spezifikation: Gegenprobe im Hersteller-Viewer ohne Fehler (Abnahme mit Regnauer).",3,,exporte,tests/exporte/test_anf_03_14.py,wartet_auf_DAT (DAT-04)
ANF-03-15,Muss,Montage,MO,Das Gewicht jedes Elements wird aus Volumen × Rohdichte berechnet und als `GrossWeight` in `Qto_WallBaseQuantities` bzw. `Qto_SlabBaseQuantities` geschrieben; Dachelemente sind `IfcSlab` ROOF.,"B1: 649,4 kg ± 0,5 kg; Flächengewicht 49,2 kg/m².",3,regnauerBLB2024,fachmodule,tests/fachmodule/test_anf_03_15.py,referenz_prototyp (B1)
ANF-03-16,Muss,Montage,MO,"Die App bildet Ladungen unter den Grenzen Breite 2,55 m und Höhe 4,00 m einschließlich Ladefläche und meldet Übermaß mit Verweis auf die Erlaubnispflicht.","B18: 6 Ladungen ohne Übermaß, keine über 19 % der Nutzlast. Testfall mit Stapelbreite > Gestellbreite: Warnung „Übermaß“.",3,,solver,tests/solver/test_anf_03_16.py,referenz_prototyp (B18)
ANF-03-17,Soll,Montage,MO,"Die App schlägt Kran und Stellplatz vor (Auslastung ≤ 0,8 · T(r), Windgrenze je Hub, Überschwenken des Nachbargrundstücks) und kennzeichnet das Ergebnis als Vorauswahl, deren Hubfreigabe beim Kranunternehmen liegt.","B18 „basis“: AK-35, max. Auslastung 78,4 %, 2 Hübe über Nachbargrund mit Warnung. „einfahrt_belegt“: AK-60 auf der Straße, Warnung Sondernutzung. Jede Ausgabe enthält den Hinweis „Vorauswahl“.",3,,solver,tests/solver/test_anf_03_17.py,referenz_prototyp (B18)
ANF-03-18,Muss,Fertigung,WK,"Die Prozessphasen aus Abbildung 3.1 sind ein Zustandsautomat. Das Gate Produktion öffnet nur, wenn Ausstattungsfestlegung unterschrieben und (Genehmigung erteilt oder Freistellungsfrist abgelaufen) und Widerrufsfrist abgelaufen.","Testmatrix über die drei Bedingungen (8 Fälle): nur der Fall (wahr, wahr, wahr) öffnet das Gate; jeder andere Fall nennt die fehlende Bedingung.",3,baybo2026;bgb;egbgb249;qdf2022;regnauerBLB2024;schoenwitz2012nature,freigabe,tests/freigabe/test_anf_03_18.py,spezifiziert
ANF-03-19,Muss,Bemusterung,KU,"Jede Bemusterungsoption trägt eine Freeze-Kategorie (W = vor Werkplanung, A = vor Ausbau). Nach Ablauf des Freeze wird eine Änderung nur als Nachtrag (`IfcProjectOrder` CHANGEORDER) angenommen und listet die betroffenen Elemente.",Änderung der Lage einer Steckdose nach Freeze W: Nachtrag mit Liste der betroffenen Wandelemente und Bearbeitungen. Änderung des Bodenbelags vor Freeze A: direkte Übernahme ohne Nachtrag.,3,regnauerBLB2024;schoenwitz2012nature,prozess,tests/prozess/test_anf_03_19.py,spezifiziert
ANF-03-20,Muss,Montage,MO,"Aus dem Montagetermin berechnet die App rückwärts die spätesten Termine (Tabelle 3.7.2 G) und warnt, wenn ein Termin unterschritten ist.","Montage T = 12.10.2026: Ausstattungsfestlegung spätestens 20.07.2026 (T − 84 Tage), Nachbaranzeige und Kranantrag spätestens 31.08.2026 (T − 6 Wochen), Antrag Haltverbot spätestens 21.09.2026 (T − 3 Wochen), Schilder spätestens 08.10.2026 (T − 4 Tage).",3,,prozess,tests/prozess/test_anf_03_20.py,spezifiziert
ANF-03-21,Soll,Bemusterung,KU,"Mehrpreise der Bemusterung folgen einer hinterlegten, versionierten Formel. Voreinstellung (Platzhalter bis DAT-13): Mehrpreis = max(0; UVP − Budget) × Fläche × (1 + Verschnitt) + Verlegezuschlag.","Parkett UVP 95 €/m², Budget 80 €/m², Fläche 20 m², Verschnitt 0,05, Zuschlag 0 €: Mehrpreis 315,00 €. UVP 70 €/m²: Mehrpreis 0 €.",3,regnauerBLB2024;schoenwitz2012nature,fachmodule,tests/fachmodule/test_anf_03_21.py,wartet_auf_DAT (DAT-13)
ANF-03-22,Soll,Bemusterung,KU,"Der Verschnitt von Fliesen und Parkett wird aus der Verlegegeometrie berechnet, nicht als Pauschale angesetzt.","B16, achteckiger Duschraum 4,8 m², Punktablauf: gerade 60 × 10 → 5,5 %, Fischgrät → 11,0 %, Chevron → 23,2 % (je ± 0,1 Prozentpunkte).",3,regnauerBLB2024;schoenwitz2012nature,solver,tests/solver/test_anf_03_22.py,referenz_prototyp (B16)
ANF-03-23,Muss,querschnittlich,alle,Jeder angezeigte oder exportierte Kennwert trägt Quelle und Status; [U]-Werte und Konflikte sind in Oberfläche und Nachweis sichtbar gekennzeichnet.,Wert mit Status [U]: Kennzeichnung in der Oberfläche und im Nachweis-PDF; Wert ohne Quelle: Export verweigert.,3,ammann2022wohneigentum;ammann2023faktencheck;barlow2003choice;bdf2025halbjahr;bdf2026baugenehmigungen;bdf2026quote;brege2014business;bsz0000fertighaustour;destatis2025fertigteilbau;destatis61261;gann1996construction;ingmonitor2025;lessing2015business;linner2012evolution;noguchi2003effect;qdf2022;ral422;regnauerBLB2024;sparda2025wohnen;stmb2025typengenehmigung;thuesen2011efficient,katalog,tests/katalog/test_anf_03_23.py,spezifiziert
ANF-03-24,Muss,Entwurf,KU,"Jede 3D-Ansicht und jeder Bildexport trägt den Hinweis, dass Visualisierungen unverbindlich sind; verbindlich sind Baubeschreibung und Ausstattungsplan.",Jede Ansicht und jeder Export enthält den Hinweistext; ein Export ohne Hinweis schlägt im Test fehl.,3,baybo2026;bgb;eriksson2019assessing;geier2022bimwood;jansson2019breakdown;johnsson2013production;lennartsson2020framework;olgnuernberg2011u136910;regnauerBLB2024;schoenwitz2012nature;schuster2022bimwood;tugraz2025syswood;tum2023bimwood;vestin2022information,frontend,tests/frontend/test_anf_03_24.py,spezifiziert
ANF-03-25,Soll,querschnittlich,VT,"Die App protokolliert Planstände und Änderungen mit Zeitstempel, Rolle und Phase, damit Planungsschleifen messbar werden.","Nach drei Änderungen im Entwurf und einer nach Vertrag liefert die Auswertung: 4 Planstände, 1 Änderung nach Vertrag, Zeitspanne je Schleife.",3,baybo2026;bgb;eriksson2019assessing;geier2022bimwood;jansson2019breakdown;johnsson2013production;lennartsson2020framework;olgnuernberg2011u136910;regnauerBLB2024;schuster2022bimwood;tugraz2025syswood;tum2023bimwood;vestin2022information,audit,tests/audit/test_anf_03_25.py,spezifiziert
ANF-06-01,Muss,Fachfreigabe,BV,"Das System führt die zwölf Rollen der Tabelle 6.1. Jede Aktion prüft das Recht nach der Berechtigungsmatrix (Tabelle 6.2). Rollen sind Personen mit Qualifikationsnachweis zugeordnet (Kammer- oder Listeneintrag, Meisterbrief, Zusatzqualifikation).","Testmatrix Rolle × Aktion aus Tabelle 6.2: jede Zelle „–“ wird mit Fehler „keine Berechtigung“ abgewiesen, jede Zelle „F“/„Ä“ gelingt. Person mit Rolle BV ohne hinterlegten Nachweis: Freigabe abgewiesen.",6,bauvorlv;baybo2026;bgb;dbauv2026;egbgb249;olgnuernberg2011u136910,freigabe,tests/freigabe/test_anf_06_01.py,spezifiziert
ANF-06-02,Muss,Regelraum,BV,"Gate G0 „Regelraum“: Jede Version von Regelkatalog, Profil, Hausmodell und IDS wird von einer benannten bauvorlageberechtigten Person freigegeben (`IfcApproval` an der `IfcProjectLibrary`, QES), bevor Entwürfe dagegen geprüft werden.","Katalog 0.2.0 ohne Freigabe geladen: Entwurfsprüfung verwendet weiter 0.1.0, Meldung „Regelraum 0.2.0 nicht freigegeben“. Nach Freigabe: Prüfung mit 0.2.0, Nachweis nennt Version und freigebende Person.",6,baybo2026;bverfg1970bvr11765;byak2020berufsordnung;ikbaunrw2024unterzeichnung;landtagby2007baybo,freigabe,tests/freigabe/test_anf_06_02.py,spezifiziert
ANF-06-03,Muss,Fachfreigabe,BV,"Gate G4 „Bauvorlage“ ist eine Übernahmeprüfung: Es listet Abweichungen vom Regelraum, Angaben mit Herkunft „Kunde“, Ergebnisse mit η ≥ 0,95, Ergebnisse mit Status [U], freigabepflichtige Ergebnisse und Meldungen Dritter. Es ist erst abschließbar, wenn zu jedem Signal eine Reaktion (plausibilisiert, gegengerechnet, verworfen mit Begründung) protokolliert ist.","Testprojekt mit B3, B4 „mittig“ und B5: Liste enthält genau B5 (η = 0,97) und den Auslegungsparameter `giebel_modus`; B3 (η = 0,93) und B4 (η = 0,65) fehlen. Abschluss ohne Reaktion zu B5: abgewiesen.",6,bainbridge1983ironies;baybo2026;bgh2001viizr39199;bgh2011viizr810;bgh2013viizr25711;bgh2023viizr21622;bgh2026viizr11924;dsk2024ki;eugh2023schufa;green2022flaws;olgkoeln2017u9816;olgkoeln2021u2320;parasuraman2000model;sterz2024quest,freigabe,tests/freigabe/test_anf_06_03.py,"referenz_prototyp (B3, B4, B5)"
ANF-06-04,Muss,Fachfreigabe,TW,Gate G5 „Statik“ prüft die Qualifikation des Nachweiserstellers nach Art. 62a Abs. 1 BayBO.,"Zimmerermeister ohne Zusatzqualifikation als Nachweisersteller: Gate gesperrt, Meldung nennt Art. 62a Abs. 1 Nr. 2 a. Mit Zusatzqualifikation und drei Jahren Berufserfahrung: frei.",6,baybo2026;bgh2001viizr39199;bgh2011viizr810;bgh2023viizr21622;dsk2024ki;eugh2023schufa,freigabe,tests/freigabe/test_anf_06_04.py,spezifiziert
ANF-06-05,Muss,Fachfreigabe,BV,Gate G3 „Abweichung“: Ein Kundenwunsch außerhalb des Regelraums wird nur nach dokumentierter Aufklärung übernommen. Die Aufklärung ist ein signiertes Dokument (`IfcDocumentReference` mit SHA-256) mit Zustimmung des Kunden.,"Wunsch „Firstrichtung abweichend vom Bebauungsplan“: Status `freigabepflichtig`, Gate G3 offen. Ohne Aufklärungsdokument: Übernahme abgewiesen. Mit Dokument und Zustimmung: Übernahme, Nachweis „abweichend auf Wunsch, Aufklärung vom <Datum>“.",6,baybo2026;bgh2001viizr39199;bgh2011viizr810;bgh2023viizr21622;dsk2024ki;eugh2023schufa,freigabe,tests/freigabe/test_anf_06_05.py,spezifiziert
ANF-06-06,Muss,Entwurf,VT,"Keine automatische Letztentscheidung: Jede Ablehnung, die einen Vertragsschluss verhindern kann, bietet „menschliche Prüfung anfordern“. Die Anfrage erzeugt einen Vorgang für VT oder BV mit Frist.","B4 „zu_nah“ (15,20 m² außerhalb): Ablehnung enthält Prüfweg. Aufruf erzeugt Vorgang mit Rolle, Frist und Audit-Eintrag. Ein Test ohne Prüfweg in der Ablehnungsantwort schlägt fehl.",6,baybo2026;bgh2001viizr39199;bgh2011viizr810;bgh2023viizr21622;dsk2024ki;eugh2023schufa,freigabe,tests/freigabe/test_anf_06_06.py,referenz_prototyp (B4)
ANF-06-07,Soll,Fachfreigabe,BV,"Das Gate protokolliert Verweildauer, geöffnete Nachweise und die Reaktion je Warnsignal für die Evaluation der Aufsichtswirksamkeit.","Nach einer Testfreigabe enthält das Protokoll je Warnsignal Reaktion, Zeitstempel und die Liste geöffneter Nachweis-Hashes.",6,bainbridge1983ironies;bgh2013viizr25711;bgh2026viizr11924;green2022flaws;olgkoeln2017u9816;olgkoeln2021u2320;parasuraman2000model;sterz2024quest,freigabe,tests/freigabe/test_anf_06_07.py,spezifiziert
ANF-06-08,Muss,Idee,KU,"Projektstart aus Hausmodell und Grundstück: freie Geodaten (DGM, Hausumringe, Luftbild) automatisch; Flurstück (ALKIS) mit Kostenhinweis; Festsetzungen im Schema von XPlanGML, befüllt per Dialog oder PDF-Extraktion mit Bestätigung.","Grundstück ohne bestätigte GRZ: alle GRZ-abhängigen Regeln `unbestimmt`. Nach Bestätigung GRZ = 0,35: Regeln ausgewertet, Herkunft „Kunde“ bzw. „Amt“ im Nachweis. Abruf ALKIS ohne Kostenbestätigung: kein Abruf.",6,bgh2013viizr25711;olgnuernberg2011u136910;opengeodataBY;xplanung,geodaten,tests/geodaten/test_anf_06_08.py,spezifiziert
ANF-06-09,Muss,Idee,KU,"Jede Eingangsangabe trägt eine Herkunft (Kunde, Amt, Firma) mit Zeitpunkt. Angaben mit Herkunft „Kunde“ sind im Gate G4 Warnsignale.","Geländehöhe vom Kunden eingegeben: Nachweis B4 nennt Herkunft „Kunde“; Gate G4 listet den Wert. Ersetzt durch DGM: Herkunft „Amt“, Warnsignal entfällt.",6,bgh2013viizr25711;olgnuernberg2011u136910;opengeodataBY;xplanung,geodaten,tests/geodaten/test_anf_06_09.py,referenz_prototyp (B4)
ANF-06-10,Muss,Entwurf,KU,"Alle Eingabewege (Sprache, Text, Zeigegerät, Tastatur) erzeugen denselben typisierten Intent und dasselbe Ereignis. Keine Funktion ist nur per Sprache erreichbar.",Für jeden Intent des Katalogs existiert ein UI-Pfad; derselbe Intent per Sprache und per Formular erzeugt ein Ereignis mit gleichem Inhalt (bis auf `eingabeweg`) und denselben IFC-Hash.,6,bfsg;chen2025agent;elghaish2022voice;iso2020interaction;puusepp2017enabling,dialog,tests/dialog/test_anf_06_10.py,spezifiziert
ANF-06-11,Muss,Entwurf,KU,"Nach jeder angenommenen Änderung zeigt die App Kosten, Wohnfläche, H'T und Abstandsflächen mit Status „aktuell“, „wird berechnet“ oder „unbestimmt“; kein Wert eines älteren Standes erscheint ohne Kennzeichnung. Die Antwort nennt die Kostenänderung aktiv.","B6 „Bad oben 2,60 m“: Antwort enthält Kostenänderung und Wohnfläche „aktuell“; H'T „wird berechnet“ bis zum Ende der Hintergrundprüfung, danach „aktuell“ mit Revisions-Hash.",6,chen2025agent;puusepp2017enabling,frontend,tests/frontend/test_anf_06_11.py,referenz_prototyp (B6)
ANF-06-12,Muss,Angebot und Vertrag,VT,"Gate G1 „Vertrag“: Die Baubeschreibung ist eine Sicht auf das Modell und besteht `DE.EGBGB249.Baubeschreibung`. Die Vertragserklärung ist erst möglich, wenn die Übergabe in Textform mit Zeitstempel protokolliert ist.","Baubeschreibung ohne Abschnitt 7 (Gebäudetechnik): Gate gesperrt, Meldung „Art. 249 § 2 Nr. 7 EGBGB“. Vollständig, Übergabe protokolliert am T: Vertragserklärung ab T möglich, vor T abgewiesen.",6,bgb;bundestag2016bauvertrag;egbgb249,dokumente,tests/dokumente/test_anf_06_12.py,spezifiziert
ANF-06-13,Muss,Angebot und Vertrag,VT,"Mit der Vertragserklärung wird der Vertragsstand eingefroren (IFC-Revision, Baubeschreibung, Preis, SHA-256). Jede spätere Änderung ist eine neue Revision und ein Nachtrag.","Änderung nach Vertrag: neue Revision, Nachtrag mit Bezug auf den eingefrorenen Hash; der eingefrorene Stand ist unverändert abrufbar und hat denselben Hash.",6,bgb;bundestag2016bauvertrag;egbgb249,cde,tests/cde/test_anf_06_13.py,spezifiziert
ANF-06-14,Soll,Angebot und Vertrag,VT,"Das Angebot entsteht aus `IfcCostSchedule` mit Preisgültigkeit (`ApplicableDate`, `FixedUntilDate`) und wird als GAEB DA XML exportiert.","GAEB-Export ist gegen die XSD valide; Summe der Positionen = Summe des `IfcCostSchedule` ± 0,01 €.",6,bgb;bundestag2016bauvertrag;egbgb249,exporte,tests/exporte/test_anf_06_14.py,spezifiziert
ANF-06-15,Muss,Bemusterung,KU,Gate G2 „Ausstattung“: Die Ausstattungsfestlegung ist ein Dokument mit Hash und Unterschrift des Kunden; ihr Datum löst den Termin „Montage frühestens 12 Wochen danach“ aus.,Festlegung am 20.07.2026: frühester Montagetermin 12.10.2026 (vgl. ANF-03-20). Montagetermin 05.10.2026: Warnung.,6,regnauerBLB2024,prozess,tests/prozess/test_anf_06_15.py,spezifiziert
ANF-06-16,Muss,Bauantrag,BV,"Bauvorlagen nach BauVorlV entstehen aus einer freigegebenen Revision; der Name der bauvorlageberechtigten Person steht automatisch im Plankopf (aus `IfcApproval` G4). Wird die Freigabe ungültig, ist der Export gesperrt.",Plankopf-Name = `IfcApproval.RequestingApproval` bzw. Akteur der Freigabe G4. Profilwechsel Endhaus → Mittelhaus nach Freigabe: Export gesperrt (vgl. ANF-09a-07).,6,bauvorlv;bayDigitalisierungEntwurf2026;dbauv2026,exporte,tests/exporte/test_anf_06_16.py,spezifiziert
ANF-06-17,Muss,Bauantrag,BV,Jede Bauvorlage trägt den Hash derselben Revision (Übereinstimmung nach § 13 BauVorlV).,"Paket aus Lageplan der Revision r1 und Grundriss der Revision r2: Export verweigert, Meldung „§ 13 BauVorlV: Revisionen verschieden“.",6,bauvorlv;bayDigitalisierungEntwurf2026;dbauv2026,exporte,tests/exporte/test_anf_06_17.py,spezifiziert
ANF-06-18,Muss,Bauantrag,BV,"Das System bestimmt das Verfahren (Freistellung, vereinfacht, regulär) und den Adressaten (Gemeinde oder Bauaufsicht) und führt die Fristen (Freistellung 1 Monat; Erklärung Standsicherheit spätestens mit der Baubeginnsanzeige).","Qualifizierter Bebauungsplan, keine Abweichung: Verfahren „Freistellung“, Adressat Gemeinde; Eingang 01.09.2026: frühester Baubeginn 01.10.2026. Baubeginnsanzeige ohne Erklärung: Warnung „§ 15 BauVorlV“.",6,bauvorlv;bayDigitalisierungEntwurf2026;dbauv2026,prozess,tests/prozess/test_anf_06_18.py,spezifiziert
ANF-06-19,Soll,Bauantrag,BV,Formulardaten für BayernPortal bzw. XBau werden erzeugt; das IFC geht als Anlage mit.,"Formulardaten enthalten Gebäudeklasse, Baukosten und Entwurfsverfasser aus dem Modell; Anlage-IFC hat den Revisions-Hash.",6,bauvorlv;bayDigitalisierungEntwurf2026;dbauv2026,exporte,tests/exporte/test_anf_06_19.py,spezifiziert
ANF-06-20,Muss,Werkplanung,WP,Werkplanung arbeitet auf demselben Parametermodell; ihre Ergänzungen sind Ereignisse mit Rolle WP. Jede Revision nach Vertrag entsteht aus gen(*x*). Import fremder Geometrie nur als Produktgeometrie am Typ.,Für jede Revision nach Vertrag gilt: gen(Ereignisfolge) ergibt denselben Hash. Anzahl der Revisionen mit manuell importierter Bauteilgeometrie = 0.,6,qdf2022,parametermodell,tests/parametermodell/test_anf_06_20.py,spezifiziert
ANF-06-21,Muss,Fertigung,WK,"Die Produktionsfreigabe (G7) erzeugt ein unveränderliches Fertigungspaket (IFC, BTLx, WUP oder Adapter-Meldung, `export_guid.csv`, Stückliste) mit Hash und Siegel. Das Werk nimmt nur Pakete mit gültiger Freigabe an.",Paket ohne Freigabe G7: Abruf durch Rolle WK abgewiesen. Paket mit Freigabe: Hash des Pakets = Hash im Freigabedatensatz; nachträgliche Änderung einer Datei macht das Siegel ungültig.,6,qdf2022,exporte,tests/exporte/test_anf_06_21.py,spezifiziert
ANF-06-22,Soll,Montage,MO,Montage-Ist-Termine und Abweichungen fließen als Ereignisse in `IfcWorkSchedule`/`IfcTask` zurück.,Ist-Termin für Element W-03 gemeldet: `IfcTask` trägt Ist-Datum; Abweichung > 1 Tag erzeugt Hinweis.,6,qdf2022,prozess,tests/prozess/test_anf_06_22.py,spezifiziert
ANF-06-23,Muss,Übergabe,KU,"Gate G8 „Übergabe“: Die Hausakte enthält die letzte freigegebene Revision, alle Nachweishefte, alle Dokumente und einen Auszug des Audit-Trails in offenen Formaten (IFC, PDF, JSON) mit Beweiswerterhaltungsnachweis und ist ohne die App prüfbar.",Offline-Prüfskript ohne App-Code: alle Hashes der Hausakte stimmen; Entfernen eines Nachweishefts wird erkannt.,6,bgh1993vizr24392;bsi2022tresor;eu2014eidas;eu2024produkthaftungsrl;expertgroup2019liability;hunhevicz2020need;olgnuernberg2021u113921;prodhaftg2026;qdf2022;vdg2017;zpo371a,dokumente,tests/dokumente/test_anf_06_23.py,spezifiziert
ANF-06-24,Soll,Übergabe,KU,Wartung und Gewährleistung stehen als `IfcAsset` mit `Pset_Warranty` im Übergabemodell.,Jedes Bauteil mit Gewährleistungsangabe im Katalog hat im Übergabemodell ein `Pset_Warranty` mit Beginn = Abnahmedatum.,6,qdf2022,ifc-generator,tests/ifc-generator/test_anf_06_24.py,spezifiziert
ANF-06-25,Muss,querschnittlich,alle,"Das Prüfprotokoll K1–K4 gehört zu genau der Revision, die freigegeben wird (gleicher SHA-256).","Freigabe mit Protokoll einer anderen Revision: abgewiesen, Meldung nennt beide Hashes.",6,bsi2024ids;bsi2025validation;iso2024ifc,freigabe,tests/freigabe/test_anf_06_25.py,spezifiziert
ANF-06-26,Muss,querschnittlich,alle,"Die Wiederholung der Ereignisfolge eines Projekts ergibt byte-identische IFC-Revisionen, Nachweise und Exporte. Intent-Ergebnisse werden aus dem Ereignis gelesen, nicht neu berechnet.","Replay der neun Äußerungen von B6 gegen `haus_state.json`: gleiches Protokoll (Status, Maße, GUIDs) und gleicher Hash des Endzustands, in zwei Prozessen mit `PYTHONHASHSEED` 1 und 4711.",6,barker2022fair4rs;smith2016softwarecitation,parametermodell,tests/parametermodell/test_anf_06_26.py,referenz_prototyp (B6)
ANF-06-27,Muss,querschnittlich,alle,"Jede Revision trägt die Kennung einer archivierten Laufzeitumgebung (Generator-, Katalog-, Profilversion, Hash der Paketliste, Kennung des Container-Abbilds), aus der sie byte-identisch neu erzeugt werden kann.","Neuerzeugung von B1 im archivierten Abbild: SHA-256 `5a796ea7…f8bb478b`. Abbild mit anderer IfcOpenShell-Version: Abweichung wird gemeldet, nicht verschwiegen.",6,barker2022fair4rs;smith2016softwarecitation,cde,tests/cde/test_anf_06_27.py,referenz_prototyp (B1)
ANF-06-28,Muss,Entwurf,KU,"Latenz der Sprachschleife vom Ende der Äußerung bis zur Antwort (Annahme, Ablehnung, Rückfrage) ≤ 1,5 s im 95. Perzentil für lokale Änderungen; der deterministische Anteil (Parser, Referenz, lokale Regeln) ≤ 50 ms.","Lasttest mit den neun B6-Äußerungen × 50 auf der Zielhardware: p95 gesamt ≤ 1 500 ms; deterministischer Anteil p95 ≤ 50 ms (Referenz 27.09.2026: 0,229 ms).",6,silverman1992critiquing,betrieb,tests/betrieb/test_anf_06_28.py,referenz_prototyp (B6)
ANF-06-29,Muss,querschnittlich,alle,Prüfungen außerhalb des Latenzbudgets laufen asynchron; ihr Ergebnis ist bis zum Abschluss `unbestimmt`. Eine Freigabe ist erst nach Abschluss aller Hintergrundprüfungen der Revision möglich.,"`ifcopenshell.validate` (B1: 3,66 s) läuft nicht im synchronen Pfad; Status „wird berechnet“, danach Ergebnis mit Revisions-Hash. Freigabeversuch vor Abschluss: abgewiesen.",6,silverman1992critiquing,pruefschicht,tests/pruefschicht/test_anf_06_29.py,referenz_prototyp (B1)
ANF-06-30,Muss,Entwurf,KU,"Spracherkennung standardmäßig lokal; kein Rohaudio über die Sitzung hinaus; keine Sprechererkennung; Cloud-Fallback nur nach Einwilligung und mit Zero Data Retention; ins Audit gehen Intent, Parameter und Ergebnis, nicht das Transkript.",Nach Sitzungsende enthält kein Speicherort Audio. Fallback ohne Einwilligung: nicht aufgerufen. Audit-Eintrag einer Spracheingabe enthält kein Feld mit Transkript.,6,dsk2024ki;dsk2025kitom;edpb2021vva;stgb201;tdddg25,sprache-asr,tests/sprache-asr/test_anf_06_30.py,spezifiziert
ANF-06-31,Muss,Entwurf,KU,Aufzeichnung von Beratungsgesprächen nur mit Einwilligung aller Beteiligten.,"Mehrpersonen-Modus mit zwei Teilnehmern, eine Einwilligung fehlt: Mikrofon bleibt aus.",6,dsk2024ki;dsk2025kitom;edpb2021vva;stgb201;tdddg25,sprache-asr,tests/sprache-asr/test_anf_06_31.py,spezifiziert
ANF-06-32,Muss,querschnittlich,alle,Vor Produktivbetrieb liegen Datenschutz-Folgenabschätzung und Verarbeitungsverzeichnis vor.,"Betriebsfreigabe prüft das Vorhandensein beider Dokumente mit Datum und Version; fehlt eines, startet der Produktivmodus nicht.",6,dsk2024ki;dsk2025kitom;edpb2021vva;stgb201;tdddg25,betrieb,tests/betrieb/test_anf_06_32.py,spezifiziert
ANF-06-33,Muss,Entwurf,KU,"Funktionen, die zum Vertragsschluss führen, sind nach EN 301 549 barrierefrei; der 3D-Editor hat eine gleichwertige nicht-visuelle Sicht (Raumliste, Nachbarschaften, Kennzahlen, Meldungen); Status nie nur durch Farbe.",Automatisierte Prüfung der vertragsrelevanten Seiten: 0 Verstöße. Aufgabe „Bad um 20 cm verbreitern“ ist ohne 3D-Ansicht per Tastatur lösbar.,6,bfsg;elghaish2022voice;iso2020interaction,frontend,tests/frontend/test_anf_06_33.py,spezifiziert
ANF-06-34,Muss,Entwurf,KU,Hinweis auf KI-Interaktion vor der ersten Spracheingabe und dauerhaft sichtbar; jede Antwort trennt erkannte Absicht (mit Wahrscheinlichkeit) von berechneten Werten.,"UI-Test: Hinweis vor erster Eingabe; Antwort auf B6 „Bad oben 2,60 m“ zeigt „erkannt: raum_aendern“ getrennt von „berechnet: Bad 2,40 → 2,60 m; Kinderzimmer 1 3,50 → 3,30 m“.",6,aiact2024;eu2025aidefinition;eu2026omnibus;kimig2026,frontend,tests/frontend/test_anf_06_34.py,referenz_prototyp (B6)
ANF-06-35,Muss,querschnittlich,alle,Die KI-Grenze ist dokumentiert und getestet: Kein Ausgabewert von Intent- oder Sprachmodell gelangt ohne deterministischen Parser und Regelprüfung in das Parametermodell.,"Datenflusstest: Ereignis mit Wert aus Feld `intent.antwort` ohne Parser-Beleg wird abgewiesen; Architekturdokument listet `sprache-asr` und `intent` als KI-Systeme, `regelmaschine` nicht.",6,aiact2024;eu2025aidefinition;eu2026omnibus;kimig2026,dialog,tests/dialog/test_anf_06_35.py,spezifiziert
ANF-06-36,Muss,querschnittlich,alle,"Jedes Ereignis (Änderung, Prüfung, Ablehnung, Empfehlung, Freigabe, Export) steht in einem nur anhängbaren, hashverketteten Protokoll.",Veränderung eines Eintrags n: Kettenprüfung schlägt ab n fehl und nennt n. Löschung eines Eintrags wird erkannt.,6,bgh1993vizr24392;bsi2022tresor;eu2014eidas;eu2024produkthaftungsrl;expertgroup2019liability;hunhevicz2020need;olgnuernberg2021u113921;prodhaftg2026;vdg2017;zpo371a,audit,tests/audit/test_anf_06_36.py,spezifiziert
ANF-06-37,Muss,querschnittlich,alle,Nachweishefte und Freigaben tragen qualifiziertes Siegel und qualifizierten Zeitstempel; die QES der Person steht am Gate; die Hausakte erhält einen Beweiswerterhaltungsnachweis nach TR-ESOR.,Signaturprüfung mit dem Prüfwerkzeug des Vertrauensdiensteanbieters: gültig. Nachweisheft nach der Signatur geändert: Prüfung ungültig.,6,bgh1993vizr24392;bsi2022tresor;eu2014eidas;eu2024produkthaftungsrl;expertgroup2019liability;hunhevicz2020need;olgnuernberg2021u113921;prodhaftg2026;vdg2017;zpo371a,audit,tests/audit/test_anf_06_37.py,spezifiziert
ANF-06-38,Muss,querschnittlich,alle,"Offline funktionieren Entwurf, Sprachschleife, lokale R1-Regeln, Nachweise, K1 und K3; Freigaben, Signaturen, amtliche Abrufe und Cloud-Fallback nicht. Offline erzeugte Ereignisse werden nach Verbindung synchronisiert und nachgeprüft.","Test ohne Netz: B6-Äußerungen werden verarbeitet, B4 und B5 geprüft, Freigabeversuch zeigt „nur online“. Nach Verbindung: Ereignisse synchronisiert, Kanal 2 läuft, Ergebnis gleich.",6,bsi2025validation,betrieb,tests/betrieb/test_anf_06_38.py,"referenz_prototyp (B4, B5, B6)"
ANF-06-39,Soll,Entwurf,KU,"Die Nutzerstudie misst Gebrauchstauglichkeit nach ISO 9241-11 (Aufgabenerfolg, Zeit, Zufriedenheit) und die Baubarkeit des Ergebnisses.","Studienprotokoll enthält je Teilnehmer Erfolg (zulässiger, kalkulierter Entwurf ohne Mitarbeiter), Zeit, Zufriedenheit und die Zahl der R1-Verstöße im Ergebnis.",6,iso2018usability,betrieb,tests/betrieb/test_anf_06_39.py,spezifiziert
ANF-06-40,Muss,querschnittlich,alle,Jeder Nachweis validiert gegen `nachweis.schema.json` und erfüllt A1–A8 aus Kapitel 7a.,Die 32 Nachweise B1–B5 validieren. Kopie ohne `regel.fassung`: ungültig mit Meldung „A1: Fassung fehlt“.,6,iso2018usability,nachweis,tests/nachweis/test_anf_06_40.py,"referenz_prototyp (B1, B5)"
ANF-07-01,Muss,Entwurf,KU,"Das Intent-Modell liefert ausschließlich Antworten nach Struktur A: Verteilungen über geschlossene Optionsmengen (choice, score) oder P(true) (noul).",Schema-Test: Antwort mit freiem Text oder Zahl außerhalb [0; 1] wird abgewiesen; Antwort mit Option außerhalb der Frage wird abgewiesen.,7,kou2008design;kou2010knowledge;matthias2004responsibility;wilhelmi2020haftung;zech2020risiken,intent,tests/intent/test_anf_07_01.py,spezifiziert
ANF-07-02,Muss,Entwurf,KU,"Jede Frage hat einen konfigurierten Schwellwert nach Fehlerkosten; unterhalb wird zurückgefragt. Die Schwellwerte werden aus `intents.yaml` gelesen, nicht im Code gepflegt.","B6 „Kannst du das mal anders machen“ (p = 0,46) liegt unter der Schwelle 0,7 von `q.gruppe` → Rückfrage nach der Absicht. Änderung der Schwelle in `intents.yaml` wirkt ohne Neubau.",7,kou2008design;kou2010knowledge,dialog,tests/dialog/test_anf_07_02.py,referenz_prototyp (B6)
ANF-07-03,Muss,Entwurf,KU,Zahlenwerte stammen nur aus dem deterministischen Werteparser; mehrdeutige Werte führen zur Rückfrage.,"B6 „eins fünf breiter“ → Kandidaten 1,05 m und 1,50 m, Status Rückfrage; die 16 Parser-Fälle aus `test_b6_b7.py` bestehen.",7,atakan2025kakadoo;chen2025agent,dialog,tests/dialog/test_anf_07_03.py,referenz_prototyp (B6)
ANF-07-04,Muss,Entwurf,KU,Der Intent-Katalog ist hierarchisch; jede choice-Frage hat höchstens 20 Optionen.,Lint des Katalogs: 0 Fragen mit mehr als 20 Optionen; jeder Intent ist über genau einen Pfad Gruppe → Intent erreichbar.,7,kou2008design;kou2010knowledge,intent,tests/intent/test_anf_07_04.py,spezifiziert
ANF-07-05,Muss,Entwurf,KU,Ein Intent-Modell wird nur mit Kalibrierungsbericht auf dem deutschen Testset geladen; Modell- und Kalibrierungsversion stehen in jedem Ereignis.,Laden ohne Bericht: Fehler „Kalibrierung fehlt“. Mit Bericht: Ereignis enthält `modell.version` und `modell.kalibrierung`.,7,kou2008design;kou2010knowledge,intent,tests/intent/test_anf_07_05.py,spezifiziert
ANF-07-06,Muss,Entwurf,KU,"Unscharfe Angaben werden mit Optionen beantwortet, die der Code aus *L*(*P*) erzeugt; keine Option verletzt eine harte Regel.",„Das Bad oben etwas breiter“ → Rückfrage mit mindestens zwei Optionen; für jede Option liefert die Regelmaschine `erfuellt`; die größte Option ist das Maximum in *L*(*P*) im 5-cm-Raster.,7,atakan2025kakadoo;chen2025agent,dialog,tests/dialog/test_anf_07_06.py,spezifiziert
ANF-07-07,Muss,querschnittlich,alle,Das Parametermodell ist die einzige Schreibschnittstelle; IFC-Dateien werden nie direkt bearbeitet.,Architekturtest: außer `ifc-generator` schreibt kein Modul IFC; ein Schreibversuch auf eine Revision in der CDE wird abgewiesen (vgl. ANF-08-18).,7,,parametermodell,tests/parametermodell/test_anf_07_07.py,spezifiziert
ANF-07-08,Muss,querschnittlich,alle,"gen(*x*) ist rein: kein Netz, keine Uhr, kein Zufall.",Lauf mit gesperrtem Netz und festem `SOURCE_DATE_EPOCH` ergibt denselben SHA-256 wie ein Lauf mit Netz; Aufruf von `time.time()` oder `random` im Generator schlägt im Test fehl.,7,,ifc-generator,tests/ifc-generator/test_anf_07_08.py,spezifiziert
ANF-07-09,Muss,querschnittlich,alle,Das Parametermodell ist eine Ereignisquelle. Undo ergibt byte-identisch die IFC-Datei vor der Änderung. Nach Freeze oder Freigabe wird Undo zum Nachtrag bzw. Widerruf.,"B6 „Bad oben 2,60 m“, danach Undo: Zustands-Hash und IFC-Hash gleich dem Ausgangszustand. Undo nach G1: Nachtrag mit Bezug auf den eingefrorenen Hash.",7,iso19650;jaskula2024common,parametermodell,tests/parametermodell/test_anf_07_09.py,referenz_prototyp (B6)
ANF-07-10,Muss,querschnittlich,alle,"Revisionen liegen in genau einer CDE mit Status in Arbeit, geteilt, veröffentlicht, archiviert; nur veröffentlichte Revisionen gehen an Behörde und Werk.",Export einer Revision mit Status „geteilt“ an Rolle WK: abgewiesen. Status „veröffentlicht“: Export mit Manifest.,7,iso19650;jaskula2024common,cde,tests/cde/test_anf_07_10.py,spezifiziert
ANF-07-11,Muss,querschnittlich,alle,Täglich und bei jedem Gate wird ein Hashbaum über die neuen Audit-Einträge gebildet und seine Wurzel mit qualifiziertem Zeitstempel versehen (Evidence Record nach RFC 4998).,Nach einem Testtag existiert genau ein Zeitstempel über die Wurzel; der Evidence Record belegt die Zugehörigkeit von Eintrag 2 aus Beispiel 7.2; ein veränderter Eintrag fällt aus dem Beleg.,7,bsi2022tresor;eu2014eidas;expertgroup2019liability;hunhevicz2020need,audit,tests/audit/test_anf_07_11.py,spezifiziert
ANF-07-12,Muss,Fachfreigabe,BV,"Gates sind ein konfigurierter Zustandsautomat. Eine Freigabe bindet Revisions-Hash und Profil; ändert sich eines, ist sie ungültig.","Freigabe G4 für Revision r1, danach Änderung → r2: Freigabe ungültig, Export gesperrt. Profilwechsel ohne Geometrieänderung: ebenfalls ungültig (vgl. ANF-09a-07).",7,alfaro2025chek;bgh2011viizr810;bsi2022tresor;fakour2025exploring;qdf2022;regnauerBLB2024;vdg2017,freigabe,tests/freigabe/test_anf_07_12.py,spezifiziert
ANF-07-13,Muss,Fachfreigabe,BV,"Signatur, Siegel und Zeitstempel laufen über einen austauschbaren Adapter zu einem Vertrauensdiensteanbieter; ohne konfigurierten Dienst entsteht keine Pseudo-Signatur, das Gate bleibt „signaturpflichtig“.","Testmodus ohne Dienst: Gate G4 zeigt „signaturpflichtig“, kein `IfcApproval` mit Status „approved“. Mit Testdienst: Signatur prüfbar.",7,alfaro2025chek;bayDigitalisierungEntwurf2026;bsi2022tresor;dbauv2026;eu2014eidas;fakour2025exploring;vdg2017;zpo371a,freigabe,tests/freigabe/test_anf_07_13.py,spezifiziert
ANF-07-14,Muss,querschnittlich,alle,Abhängigkeiten zwischen Modulen verlaufen nur entlang der Kanten in `module.yaml`.,Architekturtest über die Importe: 0 Importe außerhalb der deklarierten Abhängigkeiten.,7,,betrieb,tests/betrieb/test_anf_07_14.py,spezifiziert
ANF-07-15,Muss,querschnittlich,alle,"Die Prüfschicht ist vom Generator unabhängig: Sie importiert keine Module von `ifc-generator`, `solver` oder `regelmaschine` und liest nur IFC, Kontext und Kataloge.","Importtest der Prüfschicht: 0 Treffer; manipuliertes IFC (U = 0,25) wird erkannt, obwohl das Parametermodell U = 0,187 enthält (vgl. ANF-09-18).",7,bsi2024ids;bsi2025validation;eastman2009automatic;moult2020compliance;pinto2026exhaustive,pruefschicht,tests/pruefschicht/test_anf_07_15.py,spezifiziert
ANF-07-16,Muss,querschnittlich,alle,Jeder Build erzeugt eine SBOM mit Lizenz je Paket; der Build bricht bei AGPL in einem ausgelieferten oder betriebenen Modul und bei GPL im selben Prozess wie eigener Code.,Testabhängigkeit `eulumdat` (AGPL) im Modul `fachmodule`: Build bricht mit Nennung von Paket und Modul.,7,,betrieb,tests/betrieb/test_anf_07_16.py,spezifiziert
ANF-07-17,Muss,querschnittlich,alle,GPL-Werkzeuge laufen nur als getrennter Prozess mit dokumentierter Schnittstelle oder mit kommerzieller Lizenz; die Entscheidung steht je Baustein in `module.yaml`.,Für CGAL Straight Skeleton und NoiseModelling ist in `module.yaml` `einbindung: prozess` oder `lizenz: kommerziell` gesetzt; der Prozess wird nur über seine Schnittstelle aufgerufen.,7,,betrieb,tests/betrieb/test_anf_07_17.py,spezifiziert
ANF-07-18,Muss,querschnittlich,alle,Das Frontend liest Revisionen und BCF; jede Schreibaktion geht als Intent oder Ereignis an den Kern.,Netzwerkprotokoll eines UI-Tests: keine Anfrage schreibt eine IFC-Datei; jede Änderung erzeugt ein Ereignis mit `eingabeweg`.,7,,frontend,tests/frontend/test_anf_07_18.py,spezifiziert
ANF-07-19,Muss,querschnittlich,alle,"Die lokale Topologie synchronisiert Ereignisse; bei Konflikt werden lokale Ereignisse auf die neue Revision wiederholt und neu geprüft, verletzende Ereignisse werden zur Rückfrage.","Zwei Geräte ändern offline dasselbe Bad (2,60 m und 2,80 m): nach Synchronisation eine Revision mit dem zuerst synchronisierten Wert und eine Rückfrage für den zweiten.",7,,parametermodell,tests/parametermodell/test_anf_07_19.py,spezifiziert
ANF-07-20,Muss,Fertigung,WK,"Jeder Exporter hat die Signatur export(veröffentlichte Revision) → Datei + Manifest (Revisions-Hash, Exporter-Version, GUID-Zuordnung). Fertigungsbearbeitungen tragen `IfcGlobalId` des Teils und `UrsacheGUID` des verursachenden Objekts.","B15-Bohrungen: jedes `Drilling` hat beide Attribute, `f.by_guid()` findet beide Objekte. Export aus nicht veröffentlichter Revision: nur Vorschau mit Wasserzeichen.",7,compastimber,exporte,tests/exporte/test_anf_07_20.py,referenz_prototyp (B15)
ANF-07-21,Soll,Entwurf,KU,"Der Cloud-Fallback liefert Antworten im selben Schema wie das lokale Modell; Anbieter, Modell-ID und Zero-Data-Retention-Flag stehen im Ereignis.","Umschalten auf Fallback: Antwort besteht den Schema-Test aus ANF-07-01; Ereignis enthält `anbieter`, `modell_id`, `zdr: true`.",7,kou2008design;kou2010knowledge,intent,tests/intent/test_anf_07_21.py,spezifiziert
ANF-07-22,Muss,querschnittlich,alle,"Jedes Ereignis und jeder Nachweis nennt die Versionen von Generator, Katalogen, Profilen, Intent-Modell und Spracherkennung.","Ereignis aus B6 enthält alle fünf Versionen; fehlt eine, wird das Ereignis abgewiesen.",7,,parametermodell,tests/parametermodell/test_anf_07_22.py,referenz_prototyp (B6)
ANF-07-23,Soll,Entwurf,KU,Die Sprachschleife misst die Zeit je Stufe ohne Inhalte (Telemetrie nach Struktur E aus Abschnitt 6.7.2).,Lasttest aus ANF-06-28 liefert je Stufe Median und p95; kein Telemetriedatensatz enthält Transkript oder Audio.,7,,betrieb,tests/betrieb/test_anf_07_23.py,spezifiziert
ANF-08-01,Muss,querschnittlich,alle,"Jede erzeugte Datei schreibt `FILE_SCHEMA(('IFC4X3_ADD2'))` und `FILE_DESCRIPTION(('ViewDefinition [NotAssigned]'),'2;1')`.","Für jede Ausgabe gilt `ifcopenshell.open(p).schema_identifier == ""IFC4X3_ADD2""`, und die Header-Beschreibung ist genau `('ViewDefinition [NotAssigned]',)`.",8,bsi2024ids;bsi2025validation;bsiMvd43;chek2024d22;iso2024ifc;tugraz2025syswood,ifc-generator,tests/ifc-generator/test_anf_08_01.py,spezifiziert
ANF-08-02,Muss,querschnittlich,alle,Jede Revision wird gegen Schema und EXPRESS-Regeln geprüft (Stufe K1).,"`ifcopenshell.validate.validate(f, json_logger(), express_rules=True)` ergibt 0 Meldungen.",8,bsi2024ids;bsi2025validation;bsiMvd43;chek2024d22,pruefschicht,tests/pruefschicht/test_anf_08_02.py,referenz_prototyp (B1)
ANF-08-03,Muss,querschnittlich,alle,"Vor jeder Freigabe wird mit dem buildingSMART Validation Service geprüft (K2), als Dienst oder lokal aus dem Open-Source-Code betrieben.","Der Bericht meldet 0 Fehler in Syntax, Schema und normativen Regeln. Warnungen (Industry Practices) stehen einzeln im Freigabeprotokoll.",8,bsi2024ids;bsi2025validation;bsiMvd43;chek2024d22,pruefschicht,tests/pruefschicht/test_anf_08_03.py,spezifiziert
ANF-08-04,Muss,querschnittlich,alle,Je Freigabe-Gate und Reifegrad wird eine IDS geprüft (K3). `beispiele/holzrahmenbau.ids` ist das Basisprofil.,"ifctester meldet für alle Spezifikationen des Gates „bestanden“. Negativtest: `ausgabe/wandelement_fehlerhaft.ifc` verfehlt genau HRB-01, 03, 05, 08, 09 und 11.",8,bsi2024ids;bsi2025validation;bsiMvd43;chek2024d22,pruefschicht,tests/pruefschicht/test_anf_08_04.py,referenz_prototyp (B2)
ANF-08-05,Muss,querschnittlich,alle,"Kein `IfcBuildingElementProxy`. Hat eine Klasse das Attribut PredefinedType, ist es gesetzt und nicht NOTDEFINED. USERDEFINED ist nur mit einem ObjectType aus dem Vokabular 8.8.4 zulässig.","Anzahl `IfcBuildingElementProxy` = 0. Für jedes `IfcElement` und `IfcElementType` mit PredefinedType gilt: Wert ∉ {leer, NOTDEFINED}; bei USERDEFINED ist ObjectType bzw. ElementType ∈ Vokabular.",8,,ifc-generator,tests/ifc-generator/test_anf_08_05.py,spezifiziert
ANF-08-06,Muss,querschnittlich,alle,"In IFC 4.3 deprecated Konstrukte werden nicht geschrieben: `IfcElectricDistributionBoard`, `IfcRelConnectsPortToElement`, Proxy mit PROVISIONFORVOID, die Zahlenattribute von `IfcStairFlight`, `IfcSurfaceTexture.Parameter`.",Anzahl der genannten Klassen = 0; die genannten Attribute sind leer; Treppenwerte stehen in `Pset_StairFlightCommon`.,8,,ifc-generator,tests/ifc-generator/test_anf_08_06.py,spezifiziert
ANF-08-07,Muss,Werkplanung,WP,"Jedes vorgefertigte Element ist `IfcWall` ELEMENTEDWALL, `IfcSlab` oder `IfcRoof` mit genau einer `IfcRelAggregates` zu seinen Teilen. Wand- und Deckenelemente tragen zusätzlich `IfcMaterialLayerSetUsage`. Das Wandelement hat nur eine Axis-Repräsentation.","Je Element `len(IsDecomposedBy) == 1`; Materialzuordnung ist `IfcMaterialLayerSetUsage`; |Σ LayerThickness − `Qto_WallBaseQuantities.Width`| ≤ 0,01 mm.",8,abualdenien2019metamodel;ramaji2016product;ramaji2017product;timbim2024,ifc-generator,tests/ifc-generator/test_anf_08_07.py,spezifiziert
ANF-08-08,Muss,Werkplanung,WP,"Jedes Teil eines Elements (`IfcMember`, `IfcBeam`, `IfcPlate`, `IfcBuildingElementPart`, `IfcMechanicalFastener`) hängt an genau einem Element.",IDS HRB-07 besteht; kein Teil hat 0 oder mehr als 1 `Decomposes`.,8,ramaji2016product;ramaji2017product,ifc-generator,tests/ifc-generator/test_anf_08_08.py,spezifiziert
ANF-08-09,Muss,Werkplanung,WP,Das tesselierte Volumen jedes Teils ist gleich seinem Qto NetVolume.,"Abweichung < 10⁻⁹ m³ für alle Teile, wie im Test von B1.",8,abualdenien2019metamodel;timbim2024,ifc-generator,tests/ifc-generator/test_anf_08_09.py,referenz_prototyp (B1)
ANF-08-10,Muss,Werkplanung,WP,Stabbearbeitungen sind `IfcVoidingFeature` mit `IfcRelVoidsElement`. Der Abzugskörper steht an freien Seiten 1 mm über.,"NetVolume des Stabs = Bruttovolumen − Bearbeitungsvolumen; das tesselierte Volumen nach Boolescher Auswertung stimmt damit überein (Regressionswert Ständer R1: 0,03150 m³).",8,,ifc-generator,tests/ifc-generator/test_anf_08_10.py,spezifiziert
ANF-08-11,Muss,Werkplanung,WP,"Verbindungsmittel haben einen Typ. NominalDiameter und NominalLength stehen an Typ und Exemplar. Die Körpergeometrie ist ein `IfcMappedItem`, dessen MappingSource in den `RepresentationMaps` des Typs liegt.",IDS HRB-08 und HRB-09 bestehen; für jedes `IfcMechanicalFastener` gilt MappingSource ∈ Typ.RepresentationMaps.,8,btlx23,ifc-generator,tests/ifc-generator/test_anf_08_11.py,spezifiziert
ANF-08-12,Muss,Werkplanung,WP,"U-Wert, Masse und Mengen werden aus der Einzelteilgeometrie berechnet und in `Pset_WallCommon.ThermalTransmittance` bzw. `Qto_*BaseQuantities` geschrieben. Ab Reifegrad A trägt jedes Element `GrossWeight`.","U-Wert = Rechenkern B3 (Variante Geometrie) ± 0,001 W/(m²K); `GrossWeight` = Σ MassDensity · NetVolume der Teile ± 0,1 %.",8,,fachmodule,tests/fachmodule/test_anf_08_12.py,referenz_prototyp (B3)
ANF-08-13,Muss,querschnittlich,alle,"Eigene Psets tragen nur das Präfix `HRB_`. Namen mit `Pset_` oder `Qto_` sind nur zulässig, wenn sie im Template IFC4X3 existieren; in Standard-Psets stehen nur Template-Properties.","Jeder Name von `IfcPropertySet` und `IfcElementQuantity` passt auf `^(Pset_|Qto_|HRB_)`; jeder `Pset_`-/`Qto_`-Name wird von `ifcopenshell.util.pset.PsetQto(""IFC4X3"").get_by_name()` gefunden.",8,fonsati2026leveraging,ifc-generator,tests/ifc-generator/test_anf_08_13.py,spezifiziert
ANF-08-14,Muss,querschnittlich,alle,"Typ-Psets hängen über `HasPropertySets` am Typ, nie über `IfcRelDefinesByProperties`.",Keine `IfcRelDefinesByProperties` enthält ein `IfcTypeObject` in RelatedObjects.,8,,ifc-generator,tests/ifc-generator/test_anf_08_14.py,referenz_prototyp (B15)
ANF-08-15,Soll,querschnittlich,alle,Jede `HRB_`-Property hat eine bSDD-URI und ist über `IfcExternalReferenceRelationship` mit ihr verknüpft.,100 % der `HRB_`-Properties haben einen Verweis; im Freigabelauf ist jede URI auflösbar.,8,fonsati2026leveraging,katalog,tests/katalog/test_anf_08_15.py,spezifiziert
ANF-08-16,Muss,Bemusterung,KU,Ab Reifegrad R trägt jedes Bauteil eine DIN-276-Klassifikation mit gesetzter Edition. Produkte der Bemusterung tragen ETIM mit `IfcClassification.Specification` = bSDD-URI. Ungeprüfte Klassennummern werden nicht geschrieben.,IDS: jedes `IfcBuiltElement` hat eine Referenz auf DIN 276; jede ETIM-Referenz hat eine Location in der bSDD-Domäne und steht in der geprüften Nummernliste.,8,standtke2024etim,katalog,tests/katalog/test_anf_08_16.py,spezifiziert
ANF-08-17,Muss,Bemusterung,KU,"Bemusterungsoptionen sind Typen einer `IfcProjectLibrary` (`IfcRelDeclares`). Die Wahl ist nur ein `IfcRelDefinesByType`. In Reifegrad A tragen gewählte Typen GTIN, Hersteller und Artikelnummer.","Jeder Typ eines gewählten Produkts ist von genau einer Bibliothek deklariert; die GTIN hat 8, 12, 13 oder 14 Stellen mit gültiger Prüfziffer (Modulo 10).",8,,katalog,tests/katalog/test_anf_08_17.py,spezifiziert
ANF-08-18,Muss,querschnittlich,alle,Genau ein `IfcProject` je Datei. Varianten stehen nicht als Gruppen im Modell. Jede Revision liegt unveränderlich mit SHA-256 in der CDE.,Anzahl `IfcProject` = 1; SHA-256 der Datei = CDE-Eintrag; ein zweiter Schreibversuch auf dieselbe Revision wird abgewiesen.,8,esser2022graphbased;iso19650;jaskula2024common;ma2006testing;mattern2018bimbased;shi2018ifcdiff,cde,tests/cde/test_anf_08_18.py,spezifiziert
ANF-08-19,Muss,Fachfreigabe,BV,Dokumente sind `IfcDocumentReference` mit `HRB_Dokument.SHA256`. Freigaben sind `IfcApproval` mit Datum und Akteur.,"Für jeden Verweis existiert die Datei, und ihr SHA-256 stimmt; jedes durchlaufene Freigabe-Gate hat ein `IfcApproval`.",8,alfaro2025chek;fakour2025exploring;hagedorn2023semantic;liu2023definition,freigabe,tests/freigabe/test_anf_08_19.py,spezifiziert
ANF-08-20,Soll,Fachfreigabe,BV,"Prüfergebnisse aus IDS, Regelmaschine und Aussparungskoordination werden als BCF-Themen mit den GlobalIds der betroffenen Komponenten ausgegeben.",Für jede Verletzung im Prüfbericht existiert ein BCF-Thema; jede GlobalId darin wird von `f.by_guid()` gefunden.,8,bimbauantrag2020abschluss;zhang2015interoperable,pruefschicht,tests/pruefschicht/test_anf_08_20.py,spezifiziert
ANF-08-21,Muss,Werkplanung,WP,Durchdringungen: Der Vorschlag ist `IfcVirtualElement` PROVISIONFORVOID ohne Material. Nach Annahme entstehen je durchdrungenem Teil ein `IfcOpeningElement` mit `IfcRelVoidsElement` und eine `IfcRelInterferesElements` (ImpliedOrder TRUE).,"Kein `IfcVirtualElement` hat eine Materialzuordnung; Anzahl Öffnungen = Anzahl durchdrungener Teile; Regressionswerte B15: 4 Vorschläge, 4 Öffnungen, 4 Voids, 4 Interferes, 1 Fills.",8,,solver,tests/solver/test_anf_08_21.py,referenz_prototyp (B15)
ANF-08-22,Muss,Fertigung,WK,"Jeder Export trägt je Objekt die IFC-GlobalId. BTLx: `UserAttribute Name=""IfcGlobalId""` an jedem `Part` und jeder Bearbeitung, `Transformation GUID` = UUID des IFC-Objekts (Regel G7). Formate ohne Freitextfeld (WUP) erhalten eine Zuordnungsdatei `export_guid.csv`.","Für jeden BTLx-Part existiert das Attribut, und `f.by_guid()` findet das Objekt; `uuid.UUID(transformation_guid).hex == ifcopenshell.guid.expand(global_id)`.",8,,exporte,tests/exporte/test_anf_08_22.py,spezifiziert
ANF-08-23,Muss,querschnittlich,alle,GlobalIds werden nach der Regel 8.8.3 gebildet.,"Die Regressionsvektoren in 8.8.3 stimmen; kein Pfad kommt doppelt vor; alle GlobalIds außerhalb des geänderten Teilbaums bleiben gleich, wenn ein Parameter geändert wird (Testfall: Brüstungshöhe 900 → 850 mm).",8,,ifc-generator,tests/ifc-generator/test_anf_08_23.py,spezifiziert
ANF-08-24,Muss,querschnittlich,alle,"Gleiche Eingabe und gleiche Umgebung ergeben eine byte-identische Datei. Der Zeitstempel kommt aus dem Parametermodell oder aus `SOURCE_DATE_EPOCH`, nie aus der Uhr. Beziehungen werden mit fester Listenreihenfolge angelegt, nicht über `ifcopenshell.api`-Funktionen, die über Mengen iterieren.",Zwei Läufe in getrennten Prozessen mit `PYTHONHASHSEED` 1 und 4711 ergeben denselben SHA-256; `header.file_name.time_stamp` = Eingabewert.,8,barker2022fair4rs;smith2016softwarecitation,ifc-generator,tests/ifc-generator/test_anf_08_24.py,spezifiziert
ANF-08-25,Muss,querschnittlich,alle,"Die Granularität folgt dem Reifegrad nach den Spalten P, R und A der Mapping-Tabelle. Teile, Verbindungsmittel, Bearbeitungen und Belagstücke entstehen erst in Reifegrad A.",IDS je Reifegrad besteht; in P und R existiert kein `IfcMechanicalFastener` und kein `IfcVoidingFeature`.,8,abualdenien2022levels;dineniso7817-1,ifc-generator,tests/ifc-generator/test_anf_08_25.py,spezifiziert
ANF-08-26,Muss,Idee,KU,Georeferenz über `IfcMapConversion` und `IfcProjectedCRS` mit Name `EPSG:25832`; Scale passt zur Längeneinheit.,"Name = `EPSG:25832`; Scale = 0,001 bei mm; der Ursprung des Modells wird auf die Rechts- und Hochwerte des Parametermodells abgebildet.",8,,geodaten,tests/geodaten/test_anf_08_26.py,referenz_prototyp (B1)
ANF-08-27,Muss,querschnittlich,alle,"Einheiten: Länge mm, Fläche m², Volumen m³, Winkel rad, Masse kg, Temperatur K, in dieser Reihenfolge in `IfcUnitAssignment`.",`IfcUnitAssignment` enthält genau diese sechs Einheiten in dieser Reihenfolge.,8,,ifc-generator,tests/ifc-generator/test_anf_08_27.py,referenz_prototyp (B1)
ANF-08-28,Muss,querschnittlich,alle,"Das `IfcProject` trägt `HRB_Generator` mit GeneratorVersion, PfadschemaVersion, Namensraum (UUID), ParameterHash (SHA-256 des kanonischen Parameter-JSON) und den Regelwerk-Profilen mit Version.",Das Pset ist vorhanden; ParameterHash = SHA-256 der kanonisierten Eingabe; Namensraum = `NS_PROJEKT` nach G1.,8,,ifc-generator,tests/ifc-generator/test_anf_08_28.py,spezifiziert
ANF-08-29,Soll,Werkplanung,WP,Ein IFC4-Export wird aus dem Parametermodell erzeugt und protokolliert seine Verluste.,"Die IFC4-Datei besteht K1 mit 0 Meldungen; das Protokoll listet jedes Objekt, dessen Klasse oder Enum-Wert in IFC4 fehlt (Tabelle 8.1).",8,,exporte,tests/exporte/test_anf_08_29.py,spezifiziert
ANF-08-30,Soll,Entwurf,KU,Der glTF-Export überträgt Texturen und UV-Koordinaten in einem eigenen Schritt.,"Die GLB enthält `images`, `textures` und `TEXCOORD_0` für jedes Material mit `IfcImageTexture`.",8,,exporte,tests/exporte/test_anf_08_30.py,spezifiziert
ANF-08-31,Muss,Regelraum,FR,"Das Klassenmapping ist Konfiguration, nicht Code: Der Generator liest `spezifikation/ifc-mapping.csv`. Die CSV wird in der CI gegen das Schema geprüft.","Das Prüfskript meldet 0 Fehler: Jede Klasse, jeder PredefinedType und jedes Standard-Pset der CSV existiert in IFC4X3_ADD2; jedes eigene Pset beginnt mit `HRB_`.",8,,ifc-generator,tests/ifc-generator/test_anf_08_31.py,spezifiziert
ANF-09-01,Muss,Regelraum,FR,"Regeln sind Daten nach `regel.schema.json`; die Prüffunktion ist versionierter Code. Der Katalog wird nur geladen, wenn er schema-valide ist.","`regelkatalog.yaml` lädt ohne Fehler. Eine Kopie, in der bei `BY.BayBO.6.T` das Feld `quelle.fassung` fehlt, wird mit Ladefehler „fassung fehlt“ abgewiesen.",9,amor2021promise;dimyadi2016computerizing;haeussler2021code;hjelseth2011capturing;idis2021szenarien;mbo2bim2023;merigoux2021catala;palmirani2011legalruleml;solihin2015classification;stepien2023openbimrl;urban2026development,regelmaschine,tests/regelmaschine/test_anf_09_01.py,spezifiziert
ANF-09-02,Muss,Entwurf,KU,"Jede Prüfung liefert einen von fünf Werten. Fehlt eine R2-Voraussetzung, ist das Ergebnis `unbestimmt`, nie `erfuellt` oder `verletzt`.","B4 „mittig“ ohne Geländemodell: `unbestimmt`, Meldung nennt `BY-R2-Gelaende-DGM`. Mit Geländemodell: `erfuellt`.",9,,regelmaschine,tests/regelmaschine/test_anf_09_02.py,referenz_prototyp (B4)
ANF-09-03,Muss,Regelraum,FR,R2-Anforderungen werden je Profil und Reifegrad als IDS 1.0 erzeugt und geprüft. Der Nachweis speichert Werkzeug und Version.,"B2: Datei „bestanden“ erfüllt 11 von 11 Spezifikationen; Datei „fehlerhaft“ scheitert an genau HRB-01, 03, 05, 08, 09, 11. Nachweis enthält „ifctester 0.8.5“.",9,akbas2025holistic;bsi2024ids;cerovsek2025advancing;fischer2024extending;ids2024,pruefschicht,tests/pruefschicht/test_anf_09_03.py,referenz_prototyp (B2)
ANF-09-04,Muss,Regelraum,FR,"Befunde werden über den Spezifikationsnamen einer Regel-ID zugeordnet, solange das Prüfwerkzeug `identifier` ignoriert.",B2 fehlerhaft: Jeder der 6 Befunde trägt die Regel-ID `IDS.HRB-01` bzw. `IDS.HRB-02-11` und den Namen der Spezifikation.,9,akbas2025holistic;bsi2024ids;cerovsek2025advancing;fischer2024extending;ids2024,pruefschicht,tests/pruefschicht/test_anf_09_04.py,referenz_prototyp (B2)
ANF-09-05,Muss,Regelraum,FR,"Profile sind unveränderlich und versioniert. Jeder Nachweis trägt Profil-ID, Profilversion, Funktionsversion und SHA-256 des geprüften Modells.","Nachweis B4 enthält `BY-BayBO-2026-05`, `0.1.0`, `abstandsflaeche@1.2` und den Modell-Hash. Eine Änderung eines Kennwerts im Profil ohne neue Version wird abgewiesen.",9,gmodg2026;iso6946,regelmaschine,tests/regelmaschine/test_anf_09_05.py,referenz_prototyp (B4)
ANF-09-06,Muss,Regelraum,FR,Das Profil wählt die Normfassung je Zweck. Für den GModG-Nachweis gilt die datiert in Bezug genommene Fassung.,Profil `DE-GModG-2026-07`: U-Wert-Nachweis nennt DIN EN ISO 6946:2008-04. Werkvertragliches Profil: 2018-03. Laden eines GModG-Profils mit Ausgabe 2018-03 erzeugt Warnung „datierter Verweis § 20 Abs. 6 GModG“.,9,baunvo;baybo2026;baytb2025;en1995-2026;gmodg2026;iso6946;iso6946_2017;xplanung,regelmaschine,tests/regelmaschine/test_anf_09_06.py,spezifiziert
ANF-09-07,Muss,Regelraum,FR,Bei parallel gültigen Normgenerationen entscheidet das eingeführte Profil; das kommende Profil erzeugt Hinweise.,"B15, Durchbruch BD-1: Verstoß nach `DE-EC5-2010-A2` (60 mm > 36 mm); zusätzlich Hinweis aus `DE-EC5-2026` „Vollholz/KVH nur verstärkt“. Keine Entscheidung aus dem kommenden Profil.",9,baunvo;baybo2026;baytb2025;en1995-2026;gmodg2026;iso6946;iso6946_2017;xplanung,regelmaschine,tests/regelmaschine/test_anf_09_07.py,referenz_prototyp (B15)
ANF-09-08,Muss,Entwurf,KU,Die Vollgeschossregel verwendet die Fassung zum Datum des Bebauungsplans (Stichtagsregel).,"DG 100 m², davon 60 m² mit ≥ 2,30 m: kein Vollgeschoss; 67 m²: Vollgeschoss. Bei Z = II und drei Vollgeschossen: `verletzt`. Ohne B-Plan-Datum: `unbestimmt`.",9,baunvo;baybo2026;baytb2025;en1995-2026;gmodg2026;iso6946;iso6946_2017;xplanung,regelmaschine,tests/regelmaschine/test_anf_09_08.py,spezifiziert
ANF-09-09,Muss,Regelraum,FR,Prüfung eines eingefrorenen Entwurfs gegen eine neue Profilversion erzeugt einen Delta-Bericht.,"B4 gegen `BY-BayBO-2026-05` 0.1.0 und eine Testversion 0.2.0 mit `mindesttiefe_m` = 3,5: Bericht listet genau `BY.BayBO.6.T` als „Kennwert geändert“, Status Traufseite weiter `erfuellt` (5,00 m ≥ 3,50 m).",9,baunvo;baybo2026;baytb2025;en1995-2026;gmodg2026;iso6946;iso6946_2017;xplanung,regelmaschine,tests/regelmaschine/test_anf_09_09.py,referenz_prototyp (B4)
ANF-09-10,Muss,Regelraum,FR,Beim Laden eines Profils prüft die App jede Parameterüberschreibung nach Satz 9.1 (Listing 9.3). Eine Lockerung ist ein Ladefehler.,"`holzfeuchte_max`: N 20 % → Q 18 %: geladen. Testprofil M mit 22 %: Ladefehler mit Nennung von Schicht, Regel und altem Wert.",9,din68800-2;pinto2026exhaustive;ral422,regelmaschine,tests/regelmaschine/test_anf_09_10.py,spezifiziert
ANF-09-11,Muss,Entwurf,KU,Zur Laufzeit werden alle Schichten konjunktiv ausgewertet; die Meldung nennt die strengste verletzte Quelle.,"Holz mit 19 %: `DE.DIN68800-2.Holzfeuchte` erfüllt, `Q.RAL-GZ422.Holzfeuchte` verletzt; Meldung nennt RAL-GZ 422 (vgl. ANF-03-07).",9,din68800-2;pinto2026exhaustive;ral422,regelmaschine,tests/regelmaschine/test_anf_09_11.py,spezifiziert
ANF-09-12,Muss,Fachfreigabe,BV,Regeln dürfen nur mit Freigabe-Datensatz ausgesetzt werden. Für Regeln der Schichten S1/S2 ist nur eine Behördenentscheidung zulässig.,"Rolle „Vertrieb“ setzt `BY.BayBO.6.T` aus: abgewiesen. Rolle „Firma“ setzt `M.Katalog.Fenster-SSK` aus: zulässig, Nachweis mit Status „abweichend freigegeben“.",9,din68800-2;pinto2026exhaustive;ral422,freigabe,tests/freigabe/test_anf_09_12.py,spezifiziert
ANF-09-13,Muss,Entwurf,KU,"Jede Ablehnung enthält Konfliktmenge, Begründung mit Werten und Quelle sowie mindestens eine Alternative A1–A5. Die Alternative ist die gemeinsame Projektion auf alle Regeln.","B6 „Kinderzimmer 1 einen Meter zwanzig schmaler“: Konfliktmenge {Mindestbreite, Mindestfläche}; Alternative „höchstens 0,55 m schmaler (2,95 m; 10,03 m²)“. B6 „Bad eins zwanzig breit“: Alternative „mindestens 1,70 m“.",9,clancey1983epistemology;felfernig2011personalized;felfernig2014knowledge;gregor1999explanations;miller2019explanation;who2018noise;wu2025design;yang2012constraint,regelmaschine,tests/regelmaschine/test_anf_09_13.py,referenz_prototyp (B6)
ANF-09-14,Soll,Entwurf,KU,"Alternativen werden in der Reihenfolge A1 → A5 angeboten; A4 und A5 nur, wenn A1–A3 fehlen oder abgelehnt werden.","B19 Variante A: erste Alternative ist A3 „Schlafräume nach Süden“ (Verstöße 2 → 0, Mehrkosten 5 958 € → 3 250 €); A4 „Fremdfenster“ erscheint danach.",9,,regelmaschine,tests/regelmaschine/test_anf_09_14.py,referenz_prototyp (B19)
ANF-09-15,Muss,Entwurf,KU,Rückfragen zur Absicht werden von Ablehnungen nach Regeln getrennt.,"B6 „Das Bad soll zwanzig Zentimeter breiter werden“: Status `rueckfrage` (zwei Bäder); „eins fünf breiter“: `rueckfrage` (1,05 oder 1,50 m). Kein Regelnachweis.",9,who2018noise,dialog,tests/dialog/test_anf_09_15.py,referenz_prototyp (B6)
ANF-09-16,Muss,Entwurf,KU,Jede Ablehnung erzeugt einen Nachweis nach Kapitel 7a mit rotem Status.,"B4 „zu nah“: Nachweis Status „nicht erfüllt“, 15,20 m² außerhalb, SVG vorhanden, Hash gesetzt.",9,bgh2002genehmigungsplanung;prodhaftg2026,nachweis,tests/nachweis/test_anf_09_16.py,referenz_prototyp (B4)
ANF-09-17,Muss,Entwurf,KU,Solver für R1-Regeln sind vollständig oder exakt und melden Unlösbarkeit mit Diagnose.,"B5, Laufbreite 0,75 m: „keine Lösung“, Grenzwert 0,80 m. B14 Bad ohne Absenkung: „mindestens erreichbar 240 mm (fehlen 30 mm)“ mit Ausschlussgründen.",9,gelle2003solving;lottaz1998constraint;meseguer2006soft,solver,tests/solver/test_anf_09_17.py,"referenz_prototyp (B5, B14)"
ANF-09-18,Muss,Fachfreigabe,BV,Nach der Erzeugung prüft eine vom Solver getrennte Prüfschicht das IFC-Modell. Abweichung zwischen den Kanälen sperrt jede Freigabe.,"IFC nach Generierung manipuliert (U = 0,25): IDS HRB-01 scheitert, Gate „Bauvorlage“ gesperrt, Meldung „Kanalabweichung“.",9,pinto2026exhaustive;stepien2023openbimrl,pruefschicht,tests/pruefschicht/test_anf_09_18.py,spezifiziert
ANF-09-19,Soll,Entwurf,KU,Änderungen lösen nur die abhängigen Regeln neu aus; kritische Schwellen werden vorab als Grenzwert gemeldet.,"Dachneigung 35° → 20°: neu ausgewertet genau Abstandsfläche, Vollgeschoss, Dachneigung, Gebäudeklasse. Intent „Kniestock ändern“: Grenzwert *k wird vor Anwendung gemeldet.",9,pinto2026exhaustive;stepien2023openbimrl,regelmaschine,tests/regelmaschine/test_anf_09_19.py,spezifiziert
ANF-09-20,Muss,Regelraum,FR,Normwerte stehen als Einzelkennwerte mit Fundstelle im Katalog; wo möglich wird aus Formeln gerechnet statt aus Tabellen gelesen.,"Lint: Jeder Grenzwert mit Quelle N oder H hat eine Fundstelle. B20: Test `test_lai_tabelle5_aus_iso9613_reproduziert` trifft alle 41 LAI-Werte auf ≤ 0,11 m.",9,dataholz;eugh2024publicresource;urhg5;wd2020normen;zvdh2024,regelmaschine,tests/regelmaschine/test_anf_09_20.py,referenz_prototyp (B20)
ANF-09-21,Muss,Fachfreigabe,BV,Auslegungsparameter mit Status U sind vor dem Gate „Bauvorlage“ durch die bauvorlageberechtigte Person festzulegen.,"`giebel_modus` nicht gesetzt: Gate gesperrt. Gesetzt auf „drittel“: Nachweis nennt 30,53 m² und die Person; „voll“: 36,40 m².",9,amor2021promise;dimyadi2016computerizing;haeussler2021code;hjelseth2011capturing;idis2021szenarien;mbo2bim2023;merigoux2021catala;palmirani2011legalruleml;solihin2015classification;stepien2023openbimrl;urban2026development,freigabe,tests/freigabe/test_anf_09_21.py,spezifiziert
ANF-09-22,Muss,Entwurf,KU,Abstandsflächen nach `BY.BayBO.6.T`.,"Haus 10 × 12 m, Wandhöhe 6,50 m, 45°, Dachhöhe 5,00 m: *H* = 8,17 m, *T* = 3,27 m; „zu nah“ (x = 2 m): 15,20 m² außerhalb, Alternative „1,27 m nach Osten“.",9,,regelmaschine,tests/regelmaschine/test_anf_09_22.py,referenz_prototyp (B4)
ANF-09-23,Muss,Entwurf,KU,Treppen nach `DE.DIN18065.WG2WE` durch vollständige Aufzählung.,"2,90 m, 0,90 m: 68 Lösungen; beste 17 × 170,6 mm / 290 mm, 2s + a = 631,2 mm, Lauflänge 4,64 m; mit max. 4,0 m: 16 × 181,25 / 265 mm.",9,,solver,tests/solver/test_anf_09_23.py,referenz_prototyp (B5)
ANF-09-24,Muss,Entwurf,KU,Fensterfläche nach `BY.BayBO.45.Fensterflaeche`.,"Raum 14,0 m²: Soll 1,75 m²; Fenster 1,70 m²: `verletzt`, Alternative „+0,05 m²“.",9,din5034-1,regelmaschine,tests/regelmaschine/test_anf_09_24.py,spezifiziert
ANF-09-25,Muss,Entwurf,KU,Dachneigung nach `DE.ZVDH.DZ.Dachneigung`.,"Doppelmuldenfalz (RDN 30°), DN 20°: `erfuellt` mit Klasse K2 (ohne erhöhte Anforderung) bzw. K1 (mit); DN 9°: `verletzt`.",9,zvdh2024,regelmaschine,tests/regelmaschine/test_anf_09_25.py,spezifiziert
ANF-09-26,Muss,Bemusterung,KU,Fußbodenaufbau nach `DE.Fussboden.OKFF-gleich`.,"Variante A (210 mm) und B (160 mm): alle Räume OKFF auf ±2 mm; Übergänge ≤ 1,6 mm; Teppich auf FBH: R_λ,B = 0,233 > 0,15 als weiche Meldung.",9,,solver,tests/solver/test_anf_09_26.py,referenz_prototyp (B14)
ANF-09-27,Muss,Entwurf,KU,Außenlärm nach `DE.DIN4109.Aussenlaerm`; EU-Lärmkarten sind als Eingang unzulässig.,"Variante A: Schlafzimmer erf R′w,ges = 42,0 dB, SSK 5, 2 Verstöße; Variante B: 36,8 dB, 0 Verstöße. Eingang EU-Lärmkarte: `unbestimmt`.",9,,fachmodule,tests/fachmodule/test_anf_09_27.py,referenz_prototyp (B19)
ANF-09-28,Muss,Entwurf,KU,"Wärmepumpen-Aufstellung nach `DE.TALaerm.WP-Richtwert`, `M.Hersteller.R290-Schutzbereich` und `M.Firma.WP-Irrelevanzziel`.","2 304 Rasterpunkte, 834 zulässig; Ostseite vor HWR `verletzt` (Schutzbereich); Optimum (7,25 m; 1,75 m) mit Reserve 12,9 dB; Westseite erfüllt 40 dB(A), verfehlt 34 dB(A) am Wohnzimmer.",9,,solver,tests/solver/test_anf_09_28.py,referenz_prototyp (B20)
ANF-09-29,Soll,Entwurf,KU,"Bewegungsflächen nach `DE.VDI6000.Bewegungsflaeche`; Überlagerung mit anderen Bewegungsflächen zulässig, mit Bauteilen nicht.","WC-Bewegungsfläche 0,80 × 0,75 m schneidet Waschtisch: `verletzt`. Überlagert nur die Bewegungsfläche der Dusche: `erfuellt`.",9,din5034-1;zvdh2024,regelmaschine,tests/regelmaschine/test_anf_09_29.py,spezifiziert
ANF-09a-01,Muss,Entwurf,KU,Das Profil wird aus dem Merkmalsvektor abgeleitet und bei jeder relevanten Modelländerung neu berechnet; der gewählte Haustyp ist nur Startwert.,"Start „Reihenhaus“, DG ausgebaut, `h_Art2` = 8,0 m: GK 4, Schalter `holzbaurl` aktiv. Start „EFH“, 1 WE, 450 m² BGF: GK 3, `raumhoehe_240` aktiv.",9a,,regelmaschine,tests/regelmaschine/test_anf_09a_01.py,spezifiziert
ANF-09a-02,Muss,Entwurf,KU,Gebäudeklasse nach `BY.BayBO.2-3.Gebaeudeklasse`; *h* bezieht sich auf das oberste Geschoss mit möglichem Aufenthaltsraum.,"(frei, 6,5 m, 2 NE, 380 m²) → 1; (einseitig, 6,5 m, 1 NE, 150 m²) → 2; (frei, 6,9 m, 3 NE, 300 m²) → 3; (12,5 m, max. NE 380 m²) → 4; (12,5 m, eine NE 420 m²) → 5. Nicht ausgebauter, ausbaufähiger Dachraum auf 7,6 m: zählt für *h*.",9a,baybo2026,regelmaschine,tests/regelmaschine/test_anf_09a_02.py,spezifiziert
ANF-09a-03,Muss,Entwurf,KU,Schwellenwarnungen nach `BY.Profil.Schwellenwarnung` nennen die Folgen vor der Überschreitung.,"`h_Art2` = 6,6 m: Warnung „GK-Sprung bei > 7 m“. 3 WE: Warnung „+1 Wohnung → Architekt oder Listen-Ingenieur (Art. 61 Abs. 2)“. 2 WE: Warnung „+1 Wohnung → barrierefreie Erreichbarkeit“.",9a,,regelmaschine,tests/regelmaschine/test_anf_09a_03.py,spezifiziert
ANF-09a-04,Muss,Entwurf,KU,Ein Profilwechsel löst die vollständige Neuauswertung und einen Delta-Bericht aus (B12).,"EFH → EFH mit ELW: Bericht nennt neu aktiv `DE.DIN4109-1.Tab2-Trennbauteile`, Rettungswege je Wohnung, HeizkostenV; keine neue Anforderung an die Bauvorlageberechtigung.",9a,,regelmaschine,tests/regelmaschine/test_anf_09a_04.py,spezifiziert
ANF-09a-05,Muss,Fachfreigabe,BV,"Nicht deterministische Merkmale liefern `freigabepflichtig` mit Indikatoren, nie `erfuellt`.","Zwei Hälften mit verschiedener Firstrichtung und 1,5 m Höhenversatz: `BY.BauNR.Doppelhaus` = `freigabepflichtig`, Indikatoren gelistet, Gate „Bauvorlage“ wartet auf Freigabe.",9a,gmodg2026,regelmaschine,tests/regelmaschine/test_anf_09a_05.py,spezifiziert
ANF-09a-06,Muss,Regelraum,FR,Merkmale sind quellengebunden; gleichlautende Begriffe verschiedener Gesetze werden getrennt geführt.,Anbauanteil 70 %: `GModG.einseitig_angebaut` = nein; `BayBO.anbau` = einseitig bleibt; Schalter `bauvorlage` = `Art61_Abs3` unverändert.,9a,gmodg2026,regelmaschine,tests/regelmaschine/test_anf_09a_06.py,spezifiziert
ANF-09a-07,Muss,Fachfreigabe,BV,"Jede Person hat eine Berechtigungsreichweite; das Gate „Bauvorlage“ ist nur frei, wenn das Profil darin liegt. Eine Freigabe verfällt, wenn das Profil die Reichweite verlässt.","Zimmerermeister, Reihenendhaus GK 2: Gate frei. Anbau eines weiteren Hauses (Mittelhaus): Freigabe ungültig, Meldung „Architekt oder Listen-Ingenieur (Art. 61 Abs. 2)“. MFH mit 4 WE: Gate gesperrt.",9a,baybo2026;bayverfgh1999vf4vii97;byak2019merkblatt7,freigabe,tests/freigabe/test_anf_09a_07.py,spezifiziert
ANF-09a-08,Muss,Fachfreigabe,TW,Prüfpflichten nach `BY.BayBO.62a-62b.Pruefpflichten`; Kriterium Nr. 8 des Kriterienkatalogs wird aus dem Modell ausgewertet.,GK 3 mit einem Bauteil aus Brettschichtholz: „PSV Standsicherheit erforderlich“. GK 4: PSV Statik + Bestätigung Bauausführung Brandschutz. GK 5: zusätzlich PSV Brandschutz. GK 2 Wohngebäude: keine Prüfung.,9a,bauvorlv;meacham2022fire;mppvo2012,freigabe,tests/freigabe/test_anf_09a_08.py,spezifiziert
ANF-09a-09,Muss,Angebot und Vertrag,VT,"Wird ein Prüfsachverständiger erforderlich, nennt die Baubeschreibung Beauftragung durch den Bauherrn, Kosten und Termine der Bescheinigungen.",Profil GK 4: Baubeschreibung enthält Abschnitt „Prüfsachverständiger“ mit „Bescheinigung I mit Baubeginnsanzeige“ und „Bescheinigung II mit Nutzungsaufnahme“; GK 2: Abschnitt fehlt.,9a,egbgb249,dokumente,tests/dokumente/test_anf_09a_09.py,spezifiziert
ANF-09a-10,Muss,Regelraum,FR,"Die Matrix Gebäudetyp × Regelbereich wird aus `regelprofile.yaml` geladen, nicht im Code gepflegt.",Ladeprüfung: jede in `regelprofile.yaml` genannte Regel-ID existiert im Katalog; jedes Profil des Katalogs ist registriert (Stand 27.09.2026: 0 Abweichungen).,9a,bmk2024mbo;chateauvieux2023bim;din4109-33;mbo2bim2023;rasmussen2010sound,regelmaschine,tests/regelmaschine/test_anf_09a_10.py,spezifiziert
ANF-09a-11,Muss,Entwurf,KU,Schallschutz nach Tab. 2 bzw. Tab. 3 je Schalter `schall_tabellen`; der Bauteilkatalog wird vorab gefiltert.,"DHH, Haustrennwand OG mit R′w = 60 dB: `verletzt` (≥ 62 dB); im untersten Geschoss 60 dB: `erfuellt` (≥ 59 dB). ZFH, Holzdecke L′n,w = 52 dB: `erfuellt` (≤ 53 dB).",9a,bmk2024mbo;chateauvieux2023bim;din4109-33;mbo2bim2023;rasmussen2010sound,fachmodule,tests/fachmodule/test_anf_09a_11.py,spezifiziert
ANF-09a-12,Muss,Entwurf,KU,Wohnfläche nach `DE.WoFlV.Wohnflaeche` je `IfcSpace` mit Anrechnungsfaktor; Ausgabe in der Baubeschreibung.,"DG-Raum 10 m², davon 6 m² mit ≥ 2 m und 4 m² mit 1–2 m: 8,0 m². Balkon 8 m²: 2,0 m². Kellerraum: 0 m².",9a,,fachmodule,tests/fachmodule/test_anf_09a_12.py,spezifiziert
ANF-09a-13,Muss,Entwurf,KU,Abgeschlossenheit nach `DE.WEG.3-3.Abgeschlossenheit` mit Maßstab AVA 2021.,"MFH, Wohnung 2 nur durch Wohnung 1 erreichbar: `verletzt`, Meldung nennt Tür und fremde Einheit. Profil mit Maßstab „AVV 1974“: Ladefehler.",9a,,regelmaschine,tests/regelmaschine/test_anf_09a_13.py,spezifiziert
ANF-09a-14,Muss,Entwurf,KU,"HolzBauRL-Dämmstoffregel als Katalogfilter in GK 4/5, mit Ausnahme Fußbodenaufbau (vgl. ANF-03-08).",GK 4: Wandaufbau B1/B3 (Holzfaser im Gefach) nicht wählbar; Aufbau B14 Variante B (Holzfaser-Trittschall im Fußboden) wählbar. GK 2: beide wählbar.,9a,baytb2025;holzbaurl2024;kaufmann2018manual;kincelova2020fire,katalog,tests/katalog/test_anf_09a_14.py,"referenz_prototyp (B1, B3, B14)"
ANF-09a-15,Muss,Entwurf,KU,Entzündungsschutz *t_ch* nach `DE.HolzBauRL.Entzuendungsschutz`.,"GK 4, tragende Wand mit Katalogwert *t_ch* = 30 min und NE 350 m²: `verletzt` (≥ 60 min); gleiche Wand bei NE 180 m²: `erfuellt` (reduziert, ≤ 200 m²).",9a,baytb2025;holzbaurl2024;kaufmann2018manual;kincelova2020fire,regelmaschine,tests/regelmaschine/test_anf_09a_15.py,spezifiziert
ANF-09a-16,Muss,Angebot und Vertrag,VT,Gebäudetyp E ist eine Profilvariante ohne Rechtswirkung; sie kann nur Regeln der Schicht S3 aussetzen und erzeugt die Aufklärung in Textform.,"Variante aktiv, Aussetzung einer S3-Regel (erhöhter Schallschutz): zulässig, Aufklärungsdokument erzeugt, Nachweis „vertraglich abweichend, ohne Rechtswirkung“. Aussetzung von `DE.DIN4109-1.Tab2-Trennbauteile` (S2): abgewiesen.",9a,eisele2024standards,regelmaschine,tests/regelmaschine/test_anf_09a_16.py,spezifiziert
ANF-09a-17,Soll,Fachfreigabe,BV,Eine Typengenehmigung ist ein Profil *T*; ein Entwurf außerhalb *L*(*T*) wird gemeldet und das Gate Statik neu bestimmt.,"Testprofil *T* mit 4–8 Obergeschossen: Entwurf mit 9 OG → Meldung „verlässt Typengenehmigung“, Gate Statik = PSV. Entwurf mit 6 OG: Typenprüfung ersetzt Prüfung.",9a,bmk2024mbo;hdbgdw2023typengenehmigung;landtagbw2023typengenehmigung;landtagby2020baybonovelle;landtagby2024modernisierung;stmb2025typengenehmigung;zia2023seriell,regelmaschine,tests/regelmaschine/test_anf_09a_17.py,spezifiziert
ANF-09a-18,Muss,Entwurf,KU,"Schalter `barrierefrei`, `aufzug`, `raumhoehe_240`, `abstellraum` aktivieren die zugehörigen Regeln.","3 WE, GK 3: Barrierefreiheit (ein Geschoss), Raumhöhe 2,40 m, Abstellraum aktiv; Raum mit 2,35 m: `verletzt`. *h* = 13,5 m: Aufzug mit Kabine 1,10 × 2,10 m gefordert.",9a,bmk2024mbo;chateauvieux2023bim;din4109-33;mbo2bim2023;rasmussen2010sound,regelmaschine,tests/regelmaschine/test_anf_09a_18.py,spezifiziert
ANF-09a-19,Muss,Entwurf,GE,Stellplatz- und Spielplatzpflicht nur über eine Satzungsdatenbank je Gemeinde.,Gemeinde ohne Satzung: keine Stellplatzpflicht. Testsatzung mit 2 Stellplätzen je Wohnung und 1 geplantem bei 1 WE: `verletzt`. 6 WE mit Spielplatzsatzung: Spielplatz gefordert; 5 WE: nicht.,9a,bmk2024mbo;chateauvieux2023bim;din4109-33;mbo2bim2023;rasmussen2010sound,geodaten,tests/geodaten/test_anf_09a_19.py,spezifiziert
ANF-09b-01,Muss,Entwurf,KU,"R5-Regeln blockieren nie Speichern, Export oder Freigabe.","Testmodell mit allen R5-Regeln bei $s_i = 0$ und erfüllten R1–R4 lässt sich speichern, exportieren und zur Freigabe senden.",9b,baybo2026;din2019tageslicht;din5034-1;meseguer2006soft;who2018noise,assistenz,tests/assistenz/test_anf_09b_01.py,spezifiziert
ANF-09b-02,Muss,Regelraum,FR,Der Katalog wird aus `empfehlungen.yaml` geladen und beim Start validiert.,"Validator meldet bei fehlendem Pflichtfeld, unbekanntem Quellen-Key, unbekanntem Verweis oder P-Regel mit Grad A einen Fehler; der Katalog v0.1.0 besteht ohne Fehler.",9b,boumova2016apartment;li2020qualitative;rambow2000expertenlaien;zahedi2022bim,assistenz,tests/assistenz/test_anf_09b_02.py,spezifiziert
ANF-09b-03,Muss,Entwurf,KU,Jede Meldung zeigt Evidenzhinweis in Laiensprache und im Warum-Teil mindestens eine Quelle.,"UI-Test über alle Regeln: Laientext des Grades sichtbar, ≥ 1 Quelle im Warum-Teil.",9b,alexander1977pattern;bfs2025radon;bonin2023goodnight;bwo2015wbs;chuquichambi2022curvature;coburn2017buildings;enright1995dowsing;evans2003built;evans2006child;guyatt2008grade;higueratrujillo2021cognitive;ko2020window;neufert2022bauentwurfslehre;poldrack2006reverse;spoerrle2010sleeping;wang2022embodiment;who2018noise,assistenz,tests/assistenz/test_anf_09b_03.py,spezifiziert
ANF-09b-04,Muss,Entwurf,KU,"Fehlende Eingangsdaten ergeben „nicht bewertbar“, nicht 0; die Abdeckung je Dimension wird angezeigt.","Modell ohne Nordwinkel: R5-AUSSEN-02 = nicht bewertbar, $S_d$ ohne diese Regel, Abdeckung < 100 %.",9b,baybo2026;din2019tageslicht;din5034-1;meseguer2006soft;who2018noise,assistenz,tests/assistenz/test_anf_09b_04.py,spezifiziert
ANF-09b-05,Muss,Entwurf,KU,Ausgabe als Profil mit sieben Dimensionen; kein Gesamtscore in UI und API.,API-Schema enthält kein aggregiertes Feld; UI zeigt Netzdiagramm mit sieben Achsen.,9b,haubl2000decisionaids,assistenz,tests/assistenz/test_anf_09b_05.py,spezifiziert
ANF-09b-06,Muss,Entwurf,KU,Pareto-Vergleich von bis zu fünf Varianten; dominierte Varianten werden markiert.,Testfall mit drei Varianten und bekannter Pareto-Menge liefert genau diese Menge.,9b,haubl2000decisionaids,assistenz,tests/assistenz/test_anf_09b_06.py,spezifiziert
ANF-09b-07,Muss,Entwurf,KU,Kulturprofile sind standardmäßig aus; ihr Teilscore $K_p$ beeinflusst $\mathbf{S}$ nicht.,Ein- und Ausschalten eines Profils lässt $\mathbf{S}(x)$ bitgleich.,9b,flade2006wohnen;peng2012concern,assistenz,tests/assistenz/test_anf_09b_07.py,spezifiziert
ANF-09b-08,Muss,Entwurf,KU,Themen der Ausschlussliste werden nicht bewertet; auf Anfrage erscheint der Erklärtext.,Intent „Erdstrahlen prüfen“ liefert Meldung X-02; keine Regel wird ausgeführt.,9b,enright1995dowsing;maes2024sbm,assistenz,tests/assistenz/test_anf_09b_08.py,spezifiziert
ANF-09b-09,Muss,Regelraum,FR,Meldungen stammen aus dem Katalog; verbotene Wendungen je Evidenzart sind ausgeschlossen.,Automatischer Test über alle Meldungen gegen `textregeln`: 0 Treffer; kein Meldungstext wird zur Laufzeit von einem Sprachmodell erzeugt.,9b,amerio2020covid;fornara2022space;gregor1999explanations;jakesch2023cowriting;miller2019explanation;wang2007recommendation,assistenz,tests/assistenz/test_anf_09b_09.py,spezifiziert
ANF-09b-10,Muss,querschnittlich,alle,"Jede angezeigte Empfehlung wird mit `id@version`, Text, Kundenentscheidung, Zeitstempel und IFC-GUID protokolliert.",Protokollexport enthält für jeden angezeigten Hinweis einen vollständigen Eintrag.,9b,aiact2024;johnson2012beyond;maier2022nudging;mertens2022nudging;thaler2008nudge,assistenz,tests/assistenz/test_anf_09b_10.py,spezifiziert
ANF-09b-11,Muss,Entwurf,KU,Voreinstellungen aus R5 sind als solche gekennzeichnet und mit einem Klick änderbar.,"UI-Test: Kennzeichnung sichtbar, Änderung mit einer Aktion möglich.",9b,aiact2024;johnson2012beyond;maier2022nudging;mertens2022nudging;thaler2008nudge,assistenz,tests/assistenz/test_anf_09b_11.py,spezifiziert
ANF-09b-12,Muss,Entwurf,KU,Konflikte zwischen Regeln (auch Kulturregel gegen R5) werden gemeinsam angezeigt.,Vastu-Profil mit Südwestschlafzimmer zeigt VA-04 zusammen mit R5-KLIMA-01.,9b,chakrabarti1998vastu;din4108-2;patra2009vaastu,assistenz,tests/assistenz/test_anf_09b_12.py,spezifiziert
ANF-09b-13,Muss,querschnittlich,alle,Das Geburtsdatum für die Kua-Zahl wird nicht gespeichert.,Nach Berechnung enthält keine Datenbanktabelle und kein Log das Datum.,9b,,assistenz,tests/assistenz/test_anf_09b_13.py,spezifiziert
ANF-09b-14,Soll,Entwurf,KU,"Höchstens drei Hinweise je Entwurfsschritt, priorisiert nach $w_i (1 - s_i)$.",Testschritt mit fünf verletzten Regeln zeigt die drei mit höchstem Produkt.,9b,ali2013critiquing;chen2026critiquecrew;fischer1989environments;fischer1991critiquing;fischer1993critics;oh2008critiquing;oh2010furniture;oxman1990prior;silverman1992critiquing;silverman1992expert,assistenz,tests/assistenz/test_anf_09b_14.py,spezifiziert
ANF-09b-15,Soll,Entwurf,KU,P-Regeln lassen sich vom Kunden aussetzen; W-Regeln bleiben als Hinweis.,Aussetzen von R5-FUNKTION-02 entfernt sie aus $S_d$; R5-RUHE-01 ist nicht aussetzbar.,9b,appleton1975experience;appleton1984prospects;bonin2023goodnight;dosen2013methodological;dosen2016prospect;hildebrand1999origins;spoerrle2010sleeping;stamps2006interior;stamps2008some,assistenz,tests/assistenz/test_anf_09b_15.py,spezifiziert
ANF-09b-16,Soll,Entwurf,KU,Kontrastfragen („Warum X und nicht Y?“) werden mit höchstens drei Gründen beantwortet.,Frage „Warum Ost und nicht West?“ liefert ≤ 3 Gründe mit Grad und Quelle.,9b,gregor1999explanations;jakesch2023cowriting;miller2019explanation;wang2007recommendation,assistenz,tests/assistenz/test_anf_09b_16.py,spezifiziert
ANF-09b-17,Soll,Entwurf,KU,"Nutzerprofile aktivieren ihre Regeln (Homeoffice, barrierefrei vorbereitet, Kinder).","Profil „Homeoffice“ aktiviert R5-LICHT-04, R5-HOME-01, R5-HOME-02.",9b,amerio2020covid;lbs2020wohnwuensche;neumann2022homeoffice;wegener2024funktionswandel;xiao2021wfh,assistenz,tests/assistenz/test_anf_09b_17.py,spezifiziert
ANF-09b-18,Soll,Regelraum,FR,"Gewichte $g$ und Schwellen sind Konfiguration, nicht Code; jede Änderung erhöht die Katalogversion.",Änderung von $g(\mathrm{B})$ in der Datei wirkt ohne Neubau; Protokoll nennt die neue Version.,9b,preiser1988poe;walden2008architekturpsychologie,assistenz,tests/assistenz/test_anf_09b_18.py,spezifiziert
