id,key,art,ff1,ff2,ff3,ff4,ff5,ff6,beitrag,qualitaet,uebertragbarkeit,nutzung,kapitel,begruendung,verifiziert,pruefweg
Q463,jiang2026governing,W,0,0,0,2,0,0,Methode,B,1,adaptieren,4.7; 7.3,"Abstract: qualitativer, rechtsvergleichender Haftungsrahmen für generative KI im AEC-Lebenszyklus mit proportionaler Zurechnung an Entwickler, Betreiber und Fachnutzer nach Kontrolle, Vorhersehbarkeit, Prüfmöglichkeit und Beweissicherung. Stützt die Rollenverteilung zu FF4 und die Beweissicherung im Audit-Trail; ausdrücklich nicht empirisch kalibriert, deutsches Werkvertragsrecht fehlt. Crossref bestätigt Buildings 16(13), 2577.",V,crossref
Q464,naser2026engineers,W,0,0,1,2,1,0,Methode,B,1,adaptieren,18.1; 4.7,"Abstract: dreistufiges Sicherungsprotokoll entlang der Sorgfaltsschwellen, Offenlegungspflicht wächst mit dem ML-Anteil am Ergebnis; stützt gestufte Freigaben nach Automatisierungsanteil (FF4). Positionsbeitrag ohne Empirie, US-Berufsrecht; im deterministischen Regelraum ist der ML-Anteil klein, daher 2 statt 3. Bibliografie unvollständig: Artikelnummer 04526016 (JLADR 18(3)) laut Crossref fehlt.",V,crossref
Q465,ng2023liability,W,0,0,0,2,1,0,Befund,B,1,adaptieren,4.5; 18.1,"Delphi-Studie (14 Beteiligte eines Projekts): 163 Haftungsfaktoren in 8 Kategorien und Vertragsbausteine für Design for Digital Fabrication; nächster Fall zur Kette Digitalplanung → Werk (FF4), als Prüfliste für Vertrags- und Produktionsfreigabe adaptierbar. Einzelfall Taiwan, andere Vertragsmodelle als der Verbraucherbauvertrag. Bibliografie unvollständig: Artikelnummer 04522043 (JLADR 15(1)) fehlt.",V,repositorium
Q466,hunhevicz2020need,W,1,0,0,2,0,0,Methode,B,2,übernehmen,7.3; 7.4,"Abstract: Kategorisierung von DLT-Anwendungsfällen und Entscheidungsrahmen, der DLT-Varianten an Merkmale des Anwendungsfalls koppelt. Übernehmbar als Begründung, warum beim Hersteller mit eigener CDE Hash, Status und QES statt Blockchain genügen (FF4, Bausteinwahl 7.4). Crossref bestätigt AEI 45, 101094.",V,crossref
Q467,celik2023blockchain,W,1,0,0,2,0,0,Werkzeug,B,1,abgrenzen,7.3; 7a.5,"Smart-Contract-Prototyp (Ethereum-Testnetz, Brückenprojekt) für BIM-Herkunftsnachweis mit Disziplin, Version und Verantwortlichem; zeigt, welche Metadaten ein Audit-Trail braucht (FF4). Nutzen gegenüber CDE plus Hash nicht belegt, Kosten steigen mit Datenmenge – daher Abgrenzung. Crossref bestätigt CompInd 144, 103768.",V,crossref
Q468,jaskula2024common,W,1,0,0,2,1,0,Befund,A,1,adaptieren,7.3; 18.1,"Abstract: PRISMA-Review (46 Dokumente) plus 15 Experteninterviews; parallele CDEs untergraben Zurechenbarkeit, Transparenz und Verlässlichkeit. Stützt, dass Freigabestatus in genau einer Datenquelle liegen muss (FF4). Bibliografie: Jahr 2024 ist das Online-Datum, Heft 25(5), 1522–1541 gehört zu 2025; einheitlich zitieren.",V,crossref
Q469,beach2020towards,W,0,1,0,2,0,0,Befund,B,1,adaptieren,5.2; 18.4,"Abstract: Hindernisse und Roadmap für ACC in Großbritannien; die Branche hält Automatisierung für machbar, sofern die menschliche Aufsicht bleibt. Stützt den Human-in-the-loop als Akzeptanzbedingung der Freigabe (FF4). Nicht identisch mit beach2015; Crossref bestätigt AutCon 118, 103285.",V,crossref
Q470,zou2023lessons,W,0,1,0,2,1,0,Befund,B,1,Kontext,5.2; 18.4,"Abstract: 18 Interviews mit 20 Experten aus 8 Ländern, 12 Einflussgrößen, 3 Pfadmodelle; der Staat treibt ACC über Förderung, Vorgaben und digitalen Prüfpfad. Rahmen dafür, wann ein Prüfpfad behördlich anerkannt wird (FF4); kein Bezug zu Holzbau oder Bayern. Bibliografie unvollständig: Artikelnummer 04023019 (JME 39(4)) fehlt.",V,repositorium
Q471,zou2022investigating,W,0,1,0,1,2,0,Befund,B,1,adaptieren,20.3; 5.2,"Abstract: 44 Fragebögen, 16 Interviews, 1 Fokusgruppe; hoher Bedarf, aber die neuseeländische Vorfertigung (v. a. KMU) ist für ACC nicht bereit. Einzige Studie zu ACC in der Vorfertigung; das Bereitschafts-Instrument ist für die Experteninterviews adaptierbar (FF5), Freigabebezug nur mittelbar. Bibliografie unvollständig: Artikelnummer 05022013 (JCEM 148(12)) fehlt.",V,repositorium
Q472,cheung2026institutionalizing,W,1,2,0,3,0,0,Befund,B,1,adaptieren,7a.3; 7a.5; 18.4,"Abstract: Mehrfallstudie europäischer ACC-Einführungen mit Rekonstruktion von Modellen, Regeln und Ausführungsprotokollen; Erklärbarkeit entsteht, wo Nachweisdarstellung und Prüfmaschine zusammenpassen, Provenance und klare Verantwortung wirken als Governance. Trägt das Datenmodell des Nachweises (Regel-ID, Eingaben, Protokoll) zu FF4 und stützt FF2. Online 21.06.2026, Band/Heft laut Crossref noch offen (S. 1–18).",V,crossref
Q473,fuchs2025challenge,W,0,2,0,2,0,0,Befund,B,1,adaptieren,9.5; 18.4; 5.2,"Volltext: Interviews mit Regulierern und ACC-Fachleuten; Hürden sind mehrdeutige Begriffe, Regelwidersprüche und die Balance zwischen menschlicher Aufsicht und algorithmischer Entscheidung, Vorschlag Ampel statt binär. Stützt das dreiwertige Prüfergebnis mit menschlicher Entscheidung (FF2, FF4); Konferenzbeitrag, Behördensicht nicht deutschlandspezifisch. Crossref zerlegt die Autorennamen fehlerhaft, der Master ist korrekt.",V,repositorium
Q474,love2023explainable,W,0,1,1,2,0,0,Kontext,A,1,Kontext,7.1; 10.4,"Narratives Review (arXiv-Preprint gelesen) mit Taxonomie transparenter vs. opaker Modelle und Anforderungen wie Rechenschaft, Verifikation und rechtliche Konformität. Liefert Begriffe und bestätigt, dass regelbasierte Modelle von sich aus transparent sind (FF4, These 2); kein übernehmbarer Baustein. Crossref bestätigt AEI 57, 102024.",V,crossref
Q475,fakour2025exploring,W,2,0,0,2,0,0,Methode,B,1,abgrenzen,7a.5; 8.6; 18.2,"Konferenzbeitrag: prüft die Einbettung digitaler Signaturen auf Objektebene in IFC; offen bleiben IFC-Struktur, Langzeitprüfbarkeit und Teiländerungen. Markiert eine Grenze des Informationsmodells (FF1) und der Nachvollziehbarkeit (FF4): Objektsignatur ist Forschungsstand, die Arbeit signiert auf Dateiebene. Crossref zerlegt die Autorennamen fehlerhaft, der Master ist korrekt.",V,crossref
Q476,parasuraman2000model,W,0,0,1,3,1,0,Methode,B,2,übernehmen,7.1; 18.1,"Abstract: vier Funktionsklassen (Informationsaufnahme, Analyse, Entscheidung, Ausführung) mit je eigener Automatisierungsstufe von manuell bis voll automatisch. Übernehmbarer Baustein, um jede Freigabe im Modell als Stufe je Funktion abzubilden (FF4) und die Rollen von Sprachmodell und Code zu trennen (FF3). Crossref bestätigt IEEE SMC-A 30(3), 286–297.",V,crossref
Q477,parasuraman2010complacency,W,0,0,0,3,2,0,Befund,A,1,übernehmen,18.1; 20.3,"Abstract: Review empirischer Studien; Complacency und Automation Bias treten bei Laien und Experten auf, lassen sich durch Übung oder Anweisung nicht beseitigen und verstärken sich unter Mehrfachbelastung. Trägt das Argument, dass ein Bestätigungsklick keine Freigabe ist (FF4), und begründet die Messung der Erkennungsrate eingestreuter Fehler (FF5). Crossref bestätigt Human Factors 52(3), 381–410.",V,crossref
Q478,wilhelmi2020haftung,W,0,0,1,3,0,0,Befund,B,2,übernehmen,4.7; 7.1,"Volltext (KOPS): trennt automatisierte Systeme mit festen, nachvollziehbaren Regeln von autonomen und selbstlernenden Systemen; nur bei letzteren entstehen Zurechnungslücken, das geltende Recht (§ 823 BGB, Produzentenhaftung) reicht. Trägt die juristische Begründung, das System als automatisiert auszulegen (FF4, These 2); deutsches Recht, direkt übertragbar. Bibliografie: DOI ist die Band-DOI (Crossref: Digitalisierung und Künstliche Intelligenz, 2020), Kapitel-DOI fehlt.",V,repositorium
Q479,eu2024produkthaftungsrl,N,0,0,1,2,0,0,Regel,A,2,übernehmen,4.7,"Richtlinie (EU) 2024/2853: Software ist Produkt, Offenlegungs- und Vermutungsregeln; reine Vermögensschäden und ausschließlich beruflich genutzte Sachen sind ausgenommen, der typische Planungsfehler bleibt daher im Werkvertrag. Bestimmt die Rolle des Werkzeugherstellers (FF4); nach Umsetzung (Frist 09.12.2026) das ProdHaftG-neu (Q174) führend zitieren. Fundstelle ABl. L 2024/2853 vom 18.11.2024 korrekt.",V,amtlich
Q480,eu2014eidas,N,1,0,0,2,0,0,Regel,A,2,übernehmen,18.2; 18.3; 7a.5,"VO (EU) 910/2014 i. d. F. 2024/1183: qualifizierte elektronische Signatur ist der handschriftlichen gleichgestellt; Rechtsgrundlage für die digitale Unterschrift des Entwurfsverfassers und des Freigebenden (FF4). Ob Bauvorlagen in Bayern eine QES brauchen, regelt Landesrecht. Bibliografie: ABl. L 257 vom 28.08.2014, S. 73–114 über EUR-Lex bestätigt (Vorbehalt im note erledigt); die URL zeigt auf die Änderungs-VO, ELI der Grund-VO (eli/reg/2014/910/oj) ergänzen.",V,amtlich
Q481,bgh2002genehmigungsplanung,N,0,1,0,3,0,0,Regel,A,2,übernehmen,4.2; 18.1; 11.3,"BGH VII ZR 290/01: Wer eine Genehmigungsplanung übernimmt, schuldet als Werkerfolg eine dauerhaft genehmigungsfähige Planung; Kenntnis des Genehmigungsrisikos beim Bauherrn genügt nicht zur Entlastung. Trägt den Maßstab für den Reifegrad „prüffertig“ und die Freigabe durch den Entwurfsverfasser (FF4). Leitsatz und Fundstellen (BauR 2002, 1872; NZBau 2003, 38; ZfBR 2003, 31) über dejure.org geprüft, Volltext vor Zitat beim BGH einsehen.",V,repositorium
Q482,bayika2026ki,G,0,0,1,3,1,0,Regel,C,2,übernehmen,18.1; 7a.1; 4.7,"Leitfaden der Bayerischen Ingenieurekammer-Bau (09/2026, PDF gelesen): Verantwortung bleibt beim Unterzeichnenden, Kontrollrechnung, Prüfbarkeit gegenüber Prüfingenieur, Verantwortung je Leistungsphase (Anh. B) und Dokumentationsbogen KI-Einsatz (Anh. D). Direkt übernehmbar für Freigabe- und Dokumentationsschema (FF4), bayerisch und aktuell; berufsständische Leitlinie, nicht verbindlich.",V,verlag
Q483,alfaro2025chek,G,1,0,0,2,0,0,Werkzeug,C,1,adaptieren,18.2; 18.3,"Projekt-Deliverable (Horizon Europe CHEK, PDF gelesen): Browser-Modul signiert IFC-Dateien mit eIDAS-QES über Hash, Vertrauensdiensteanbieter, Zeitstempel und ausdrücklichen Bestätigungsschritt. Funktionierende Vorlage für die Signatur der Bauvorlage auf Dateiebene (FF4); Anbindung an bayerische Portale offen. Metadaten (D4.5, V1.0, 30.04.2025, Autor Alfaro/DiRoots) bestätigt.",V,verlag
Q484,landtagbw2023typengenehmigung,N,0,1,0,2,0,0,Befund,C,1,Kontext,9a.5; 4.2,"Landtagsdrucksache 17/4637 (Stellungnahme vom 17.05.2023, gelesen): Typengenehmigung nach § 72a MBO wird in den Ländern „nur in Einzelfällen“ angewandt, weil Freistellungsverfahren genügen; BW, Berlin, Bremen und Saarland ohne Regelung. Dämpft die Erwartung an die Typengenehmigung als Freigabeweg für serielle Häuser (FF4); amtliche Auskunft, kein Recht, Bayern nur mittelbar.",V,amtlich
Q485,haug2011impact,W,0,1,0,0,3,0,Daten,B,1,adaptieren,20.3; 5.4; 1.1,"Abstract: 14 technikorientierte Firmen, Angebotsdurchlaufzeit nach Konfiguratoreinführung im Mittel −85,5 %, bis −99,9 %. Wichtigster Literaturanker für die Messgröße Anfrage → Angebot/Vorentwurf (FF5); Industrie, nicht Hausbau, daher konservativer Zielwert. Crossref bestätigt AIEDAM 25(2), 197–206.",V,crossref
Q486,forza2002managing,W,0,1,0,0,2,0,Befund,B,1,adaptieren,5.4; 20.3,"Abstract: Fallstudie eines Transformatorenherstellers; Konfigurator steigert Wirksamkeit und Effizienz bei der Übersetzung des Kundenwunsches in Produktdokumentation, verlangt aber Anfangsaufwand und Umorganisation. Stützt den Mechanismus der Fehlerreduktion und die Arbeitsteilung Vertrieb/Technik (FF5). Zahlen (5–6 Tage → 1 Tag) nur Sekundärzitat, vor Nutzung im Volltext prüfen.",V,verlag
Q487,trentin2012product,W,0,0,0,0,2,0,Befund,B,1,Kontext,5.4; 20.3,"Abstract (laut note über academia.edu): Hypothesentest in Fertigungsbetrieben; Konfiguratornutzung verbessert die Produktqualität, schwächer bei schwer bestimmbarem Kundenbedarf. Stützt die Qualitätswirkung (FF5), der Moderator passt zum Laiengeschäft; keine Baubranche. Crossref bestätigt IJPE 135(2), 850–859.",V,crossref
Q488,kristjansdottir2018return,W,0,0,0,0,3,0,Evaluation,B,1,übernehmen,20.3; 20.2,"Volltext (DTU Orbit): Grundfos über 5 Jahre, −75 % Personalstunden, Angebotszeit 9,5 → 3,4 Tage, ROI 316 % nach 1 und 842 % nach 5 Jahren. Liefert das übernehmbare Kosten-Nutzen-Schema mit Entwicklung, Einführung und Pflege für die Wirtschaftlichkeitsbewertung (FF5); Zahlen nicht auf Hausbau übertragbar. Crossref bestätigt CompInd 100, 57–69.",V,crossref
Q489,love2004determinants,W,0,0,0,0,2,0,Befund,B,1,Kontext,1.1; 20.3,"Abstract: 161 australische Projekte, Gesamtkosten der Nacharbeit; signifikant sind vom Auftraggeber veranlasste Änderungen und unwirksamer IT-Einsatz der Planer, auch Design-Scope-Freezing. Stützt, dass Konfigurator und Regelraum genau diese Hebel adressieren (FF5). Crossref bestätigt ECAM 11(4), 259–274.",V,crossref
Q490,love2018unpacking,W,0,0,0,0,3,0,Methode,A,1,übernehmen,20.3; 1.1,"Abstract: kritisches Literaturreview; Nacharbeit ist uneinheitlich definiert und systemisch verursacht, Kostenangaben reichen je nach Definition von unter 1 % bis über 20 %. Trägt die methodische Vorgabe, Nacharbeit vor der Messung zu definieren und Herstellerzahlen nicht als Beleg zu nutzen (FF5). Crossref: CEES 35(1–4), 180–203, Datum 02.10.2018 trotz DOI-Suffix 2019.",V,crossref
Q491,hwang2009measuring,W,0,0,0,0,2,0,Daten,B,1,Kontext,20.3; 1.1,"Abstract: 359 Projekte der CII-Datenbank, direkte Nacharbeitskosten oft um 5 % der Baukosten, Hauptquellen Auftraggeberänderungen und Planungsfehler. Ausgangswert für die Messgröße Nacharbeitskosten (FF5); US-Großprojekte, kein Fertighaus. Crossref bestätigt JCEM 135(3), 187–198.",V,crossref
Q492,ibbs2005impact,W,0,0,0,0,2,0,Befund,B,1,adaptieren,20.3; 17.3,"Abstract: 162 Projekte, Kurven für frühe, normale und späte Änderungen; späte Änderungen senken die Produktivität am stärksten. Begründet die Messgröße Änderungszeitpunkt relativ zu Planungsfreeze und Fertigungsstart (FF5). Crossref bestätigt JCEM 131(11), 1219–1223.",V,crossref
Q493,sacks2008impact,W,1,0,0,0,3,0,Befund,B,1,adaptieren,20.3; 6.1; 1.1,"Abstract: Benchmark und zwei Modellierexperimente, 15–41 % weniger Stunden für die Zeichnungserstellung, erwarteter Rollenwandel zum „structural modeler“. Trägt Zeitgewinn und Arbeitsteilung zugleich (FF5); Betonbau, nicht Holz. Crossref bestätigt AutCon 17(4), 439–449.",V,crossref
Q494,thajudeen2022supporting,W,1,1,0,0,2,1,Befund,B,1,adaptieren,5.3; 20.3,"Abstract: schwedischer Holzskelettbau-Hersteller, parametrische Designplattform für ETO-Anschlüsse, Modellierung 20-mal schneller. Nächster Holzbau-Beleg mit Zahl für FF5 und Beispiel für wiederverwendbare Designbausteine (FF1, FF2); Einzelbauteil, kein Holzrahmenbau. Crossref bestätigt Buildings 12(1), 70.",V,crossref
Q495,darocha2016managing,W,0,0,0,0,2,1,Methode,B,1,adaptieren,20.3; 12.7,"Abstract: Kundenänderungen im Wohnungsbau; fehlende Kundeninformation stört alle Folgeschritte, Leitlinien zum Informationsfluss und visueller Indikator für die Schwankung im Arbeitsfluss. Messidee für Planungsschleifen (FF5) und Individualisierungsumfang (FF6); Brasilien. Bibliografie unvollständig: Artikelnummer 05016005 (JCEM 142(8)) fehlt.",V,crossref
Q496,mubashar2026unlocking,W,0,0,0,1,2,0,Befund,B,1,Kontext,17.3; 20.3; 18.1,"Volltextauszüge: britische KMU mit modernen Baumethoden; eine Brandschutzänderung 13 Wochen nach Fertigungsbeginn kostete 4 Wochen Verzug, Kundenfreigaben als Engpass. Aktueller Beleg für späte Änderungen in der Vorfertigung (FF5) und Freigabe durch den Kunden (FF4); kleine Stichprobe. Crossref bestätigt Buildings 16(6), 1266.",V,crossref
Q497,prat2015taxonomy,W,0,0,0,0,3,0,Methode,B,2,übernehmen,2.4; 20,"Abstract: Taxonomie der Evaluation von IS-Artefakten (Objekte, Kriterien, Methoden) aus zehn Jahren AIS-Basket-Publikationen mit sieben typischen Evaluationsmustern. Übernehmbares Raster für die Wahl der Kriterien in Kapitel 20 (FF5), ergänzt FEDS (Q156). Crossref bestätigt JMIS 32(3), 229–267.",V,crossref
Q498,tremblay2010focus,W,0,0,0,0,2,0,Methode,B,2,übernehmen,2.4; 20.3,"Abstract: explorative Fokusgruppen zur Verfeinerung, konfirmatorische zur Nutzenbewertung eines Artefakts, mit Ablaufvorgaben. Übernehmbares Design der Expertenbewertung mit Architekt, Tragwerksplaner und Werk (FF5). Crossref bestätigt CAIS 26; Artikelnummer 27 steht nur im note, im Bib-Eintrag ergänzen.",V,crossref
Q499,faulkner2003beyond,W,0,0,0,0,3,0,Evaluation,B,2,übernehmen,20.3,"Volltext: 60 Nutzer, je 100 Zufallsstichproben; mit 5 Personen im Mittel 85 %, schlechtestenfalls 55 % der Probleme, mit 10 mindestens 82 %, mit 20 mindestens 95 %. Trägt die Stichprobengröße der Laien- und Vertriebsstudie (FF5). Crossref bestätigt BRMIC 35(3), 379–383.",V,crossref
Q500,brynjolfsson2025generative,W,0,0,1,1,2,0,Befund,B,1,adaptieren,20.3; 21.1,"Volltextauszug: 5.172 Support-Agenten, gestaffelte Einführung, Produktivität im Mittel +15 %, bei wenig Erfahrenen +30 %, bei den Besten leicht sinkende Qualität. Stützt die getrennte Auswertung nach Nutzergruppen (FF5); Kundensupport, kein Planungsbezug, daher 2. Crossref bestätigt QJE 140(2), 889–942; QJE-Zahlen statt NBER-Fassung verwenden.",V,crossref
Q501,noy2023experimental,W,0,0,1,0,2,0,Befund,B,1,adaptieren,20.3,"Abstract: präregistriertes Experiment mit 453 Akademikern bei Schreibaufgaben, 40 % weniger Zeit, 18 % höhere Qualität, geringere Ungleichheit. Vorlage für Kontrollgruppe mit Zeit- und Qualitätsmaß (FF5); keine Bauaufgaben. Crossref bestätigt Science 381(6654), 187–192.",V,crossref
Q502,dellacqua2026navigating,W,0,0,1,2,3,0,Evaluation,B,1,adaptieren,20.3; 18.1,"Volltextauszug: 758 BCG-Berater randomisiert; innerhalb der KI-Fähigkeitsgrenze schneller und besser, außerhalb 19 Prozentpunkte seltener korrekt. Trägt das Evaluationsdesign mit Aufgaben außerhalb des Regelraums (FF5) und misst Automation Bias bei der Freigabe (FF4). Bibliografie veraltet: Crossref nennt jetzt Organization Science 37(2), 403–423 (03/2026), Band und Seiten ergänzen.",V,crossref
Q503,ittmann2018standard,W,0,0,0,2,0,0,Kontext,B,1,Kontext,4.7,"Abstract: erklärt den rechtlichen Sorgfaltsmaßstab bei Fahrlässigkeitsklagen gegen Tragwerksplaner und prüft, wie Normen, Praxisleitfäden, Software und Technik ihn beeinflussen. Stützt, dass Software am Sorgfaltsmaßstab gemessen wird und ihn nicht senkt (FF4); US-Deliktsrecht, nur als Analogie zu den anerkannten Regeln der Technik. Bibliografie unvollständig: Artikelnummer 06518001 (JLADR 10(3)) fehlt.",V,crossref
Q504,plevris2025responsible,W,0,0,1,2,0,0,Methode,B,1,Kontext,18.1; 10.4,"Abstract: Rahmen für verantwortliche KI im Tragwerksbau in drei Bereichen (Technik, Betrieb/Governance mit Human-in-the-loop, berufliche Verantwortung), illustriert an acht fiktiven Fällen. Gliederungshilfe für Governance der Freigabe (FF4); nicht empirisch. Crossref bestätigt Front. Built Environ. 11, 1612575; Artikelnummer nur im note.",V,crossref
Q505,arensman2012building,W,0,0,0,1,0,0,Kontext,B,1,Kontext,4.7,"Abstract (über OpenAlex nachgeholt): Überblick über BIM-Rechtsfragen und zehn Interviews mit Architekten, Bauherren und Unternehmern zu Modelleigentum, Recht auf Verlass, Risikoverlagerung, Sorgfaltsmaßstab und Vergütung. Nur Kontext für FF4; US-Praxis von 2012. Crossref bestätigt IJCER 8(2), 146–156.",V,crossref
Q506,alwash2017impact,W,0,0,0,1,0,0,Kontext,B,1,Kontext,4.5,"Abstract (über OpenAlex nachgeholt): Review zur Teamkollaboration und Fallrecht; bestehende Verträge behindern BIM, vorgeschlagen werden Vertragsbausteine für kollaborative Umgebungen. Kontext zu Vertrags- und Haftungsfragen (FF4); australisch-angloamerikanisches Vertragsrecht. Bibliografie unvollständig: Artikelnummer 04517005 (JLADR 9(3)) fehlt.",V,crossref
Q507,matthias2004responsibility,W,0,0,1,2,0,0,Kontext,B,1,Kontext,7.1; 4.7,"Abstract (Springer): bei lernenden Maschinen kann der Hersteller oder Betreiber das künftige Verhalten nicht mehr vorhersehen, es entsteht eine Verantwortungslücke. Stützt, lernende Komponenten aus der Freigabekette herauszuhalten und das Sprachmodell nur die Absicht erkennen zu lassen (FF4, FF3). Crossref bestätigt EIT 6(3), 175–183.",V,crossref
Q508,santonidesio2021four,W,0,0,0,2,0,0,Kontext,B,1,adaptieren,18.1; 7.1,"Abstract: vier verbundene Verantwortungslücken (Schuld, moralische und öffentliche Rechenschaft, aktive Verantwortung), die auch bei nicht lernenden Systemen auftreten; Antwort ist „meaningful human control“. Liefert den Begriff wirksamer menschlicher Kontrolle für die Freigabe (FF4). Crossref bestätigt Philos. Technol. 34(4), 1057–1084.",V,crossref
Q509,bainbridge1983ironies,W,0,0,0,2,2,0,Befund,B,1,adaptieren,18.1; 20.3,"(ohne Abstract) Klassiker: Automatisierung überlässt dem Menschen Überwachung und schwierige Ausnahmen, die er ohne Übung schlechter beherrscht. Stützt das Freigaberisiko (FF4) und Übungs- bzw. Kontrollaufgaben ohne System in der Evaluation (FF5); Prozessleittechnik, konzeptionell. Crossref bestätigt Automatica 19(6), 775–779.",V,crossref
Q510,li2019blockchain,W,1,0,0,1,0,0,Kontext,A,1,abgrenzen,7.3,"Abstract (Repositorium Newcastle/Northumbria): systematisches Review, sieben Anwendungskategorien, DLT-Vier-Dimensionen- und Akteursmodell; Regulierung und Compliance gelten als Kandidat, ein gemeinsam genutztes BIM-Modell als noch nicht reif. Kontext und Abgrenzung zum Audit-Trail (FF4), kritische Einordnung liefert Q466. Crossref bestätigt AutCon 102, 288–307.",V,repositorium
Q511,kim2020kbim,W,2,1,0,1,0,0,Werkzeug,B,1,Kontext,18.4; 5.2,"Abstract (über OpenAlex nachgeholt): koreanischer KBIM-e-Submission-Prototyp auf IFC-Basis mit Modulen für Prüfung, Einreichung, Vorprüfung und Regelerstellung, erprobt an einem Realprojekt. Stützt, dass der Bauantrag aus dem IFC-Modell ableitbar ist (FF1), Vergleich zur modellbasierten Genehmigung; koreanisches Verfahren. Crossref bestätigt JCEM 26(8), 744–756.",V,crossref
Q512,myrodia2017impact,W,0,0,0,0,2,0,Befund,B,1,Kontext,20.3,"Abstract (DTU Orbit): Längsschnittstudie eines CTO-Herstellers vor und nach Konfiguratoreinführung, genauere Kalkulation und höhere Produktrentabilität. Stützt die Messgröße Kalkulationsgenauigkeit (FF5); die Zahlen 14,6 % → 2,2 % stehen nicht im Journal-Abstract, bleiben unsicher. Crossref bestätigt CompInd 88, 12–18.",V,crossref
Q513,forza2002configuration,W,0,0,0,0,1,0,Befund,B,1,Kontext,5.4,"Abstract (Konferenzfassung, UniPD): Fallstudie eines kleinen Herstellers; Konfigurator verkürzt vor allem die Lieferzeit und dient als Koordinationsinstrument zwischen Firmen. Kontext zur Kette Hersteller ↔ Zulieferer (FF5); ergänzt Q486 ohne eigene Zahlen im Abstract. Crossref bestätigt CompInd 49(1), 37–46.",V,crossref
Q514,zhang2014product,W,0,1,0,0,1,1,Kontext,A,1,Kontext,5.4; 12.7,"Abstract (über OpenAlex nachgeholt): Übersicht über Begriffe, Ontologien, Systementwurf und Lösungsverfahren der Produktkonfiguration mit Forschungsagenda. Kontext für Konfigurationslogik (FF2, FF6) und Konfiguratorwirkung (FF5); keine Baubranche. Crossref bestätigt IJPR 52(21), 6381–6398.",V,crossref
Q515,love2000quantifying,W,0,0,0,0,2,0,Daten,B,1,Kontext,1.1; 20.3,"Abstract: zwei Fallprojekte, Nacharbeit 3,15 % bzw. 2,40 % der Auftragssumme; Hauptursachen Änderungen durch Auftraggeber und Nutzer sowie Fehler und Auslassungen in den Unterlagen. Ausgangswerte und Ursachen passen zum Hebel frühe Änderung im Konfigurator (FF5). Crossref bestätigt CME 18(4), 479–490.",V,crossref
Q516,love2002influence,W,0,0,0,0,2,0,Daten,B,1,Kontext,1.1; 20.3,"Abstract (über OpenAlex nachgeholt): 161 australische Projekte (dieselbe Stichprobe wie Q489); Nacharbeit trägt 52 % zur Kostensteigerung bei, unabhängig von Projekttyp und Vergabeform. Größenordnung der Wirkung (FF5); die 52 % sind damit primär belegt, die 20,7 % Terminüberschreitung bleiben Sekundärzitat. Crossref bestätigt JCEM 128(1), 18–29.",V,crossref
Q517,love2008forensic,W,0,0,0,0,2,0,Befund,B,1,Kontext,1.1,"Volltext (BURA): planungsbedingte Nacharbeit macht in der Literatur über 70 % der Nacharbeit aus; Fall mit 43 Wohnungen, Kostenüberschreitung 10,5 %, davon 42 % durch Nacharbeit. Stützt, dass der Hebel in der Planung liegt (FF5). Crossref bestätigt IEEE TEM 55(2), 234–247.",V,crossref
Q518,josephson1999causes,W,0,0,0,0,1,0,Befund,B,1,Kontext,1.1,"Abstract (ScienceDirect, gekürzt): sieben schwedische Bauprojekte je 6 Monate beobachtet, 2.879 Mängel mit Ursachen, 92 Interviews. Kontext für Mängelursachen (FF5); die Kostenquote 2–6 % steht nicht im eingesehenen Abstract, bleibt Sekundärzitat, daher nur 1. Voller Titel mit Untertitel laut Verlagsseite korrekt, Crossref führt nur den Haupttitel.",V,verlag
Q519,thomas1995quantitative,W,0,0,0,0,2,0,Daten,B,1,Kontext,20.3; 1.1,"Abstract (über OpenAlex nachgeholt): 522 Arbeitstage aus drei Industrieprojekten; Änderungen kosten im Mittel 30 % Effizienz, 25–50 % je nach Störungsart, Hauptursache Materialverfügbarkeit. Wirkung jeder Änderungsschleife in der Ausführung (FF5). Korrektur zum note: die Werte sind primär belegt, aber als Effizienzverlust je Störungsart, nicht als „täglicher Produktivitätsverlust“.",V,crossref
Q520,wuni2019critical,W,0,0,0,1,2,0,Befund,A,1,adaptieren,17.3; 18.1,"Volltextauszüge: systematisches Review über 39 empirische Studien, 73 Risikofaktoren, davon 30 kritisch; fehlerhafte Planung und Änderungen auf Rang 7, weil der Fertigungsplan nach Start kaum Änderungen zulässt. Begründet den Planungsfreeze vor Produktionsstart (FF5) als Freigabe-Gate (FF4); Modulbau. Bibliografie: Jahr 2019 (online) und Heft 22(2) (2022) gemischt, einheitlich zitieren.",V,crossref
Q521,abdulnabi2022proactive,W,0,0,0,0,1,0,Befund,B,1,Kontext,20.3,"Abstract (über OpenAlex nachgeholt): Befragung von 48 Fachleuten und Daten aus 68 Modulbauprojekten, Bewertungsmodell der Zeitersparnis; Planung und Engineering, Regulierung und Organisation sind die wichtigsten Einflussgrößen. Nur Kontext zu FF5, da konkrete Werte nicht eingesehen und Aussage über Q520 hinaus gering. Bibliografie unvollständig: Artikelnummer 04022052 (JCEM 148(7)) fehlt.",V,crossref
Q522,lopez2016analysis,W,0,0,0,0,1,0,Befund,B,1,Kontext,3.2,"Abstract (über OpenAlex nachgeholt): zwei vergleichbare Einfamilienhäuser in Tafel- und Modulbauweise; Modulbau nur geringfügig kostengünstiger, qualitative Vor- und Nachteile. Kontext für Tafelbau-EFH (FF5); Konferenzbeitrag mit zwei Fällen. Crossref bestätigt Procedia Eng. 145, 1291–1297.",V,crossref
Q523,kaner2008case,W,0,0,0,0,2,0,Befund,B,1,Kontext,20.3; 6.1,"Abstract (ITcon): vier Fallstudien in zwei mittelgroßen Ingenieurbüros; mehr fehlerfreie Zeichnungen, steigende Arbeitsproduktivität, Wandel von Arbeitsablauf und Personal. Stützt Fehlerquote und Rollenwandel (FF5) als Begleitstudie zu Q493; keine Zahlen im Abstract. Zitierangabe ITcon 13, 303–323 auf der Verlagsseite bestätigt, keine DOI.",V,verlag
Q524,voordijk2009construction,W,0,0,0,0,1,0,Methode,B,2,Kontext,2.1,"Abstract (über OpenAlex nachgeholt): Construction Management als multidisziplinäre Design Science mit drei Arten von Lösungskonzepten (technologische Gesetze, funktionale Regeln, soziotechnisches Verständnis), gerechtfertigt durch Test im Kontext. Methodische Rechtfertigung von DSR im Bauwesen (FF5 nur mittelbar), ergänzt Q152. Crossref bestätigt CME 27(8), 713–720.",V,crossref
Q525,nielsen1993mathematical,W,0,0,0,0,2,0,Methode,B,2,übernehmen,20.3,"Abstract (über OpenAlex nachgeholt): über 11 Studien folgt das Finden von Usability-Problemen einem Poisson-Modell, mit dem sich der nötige Evaluationsumfang planen lässt. Übernehmbar zusammen mit Q499 für die Stichprobenbegründung (FF5). Crossref bestätigt CHI '93, 206–213.",V,crossref
Q526,agri2025ai,W,0,0,0,1,2,0,Befund,B,1,Kontext,6.1; 21.1,"Volltext: 23 Interviews in den VAE, 83 % nutzen KI im Alltag für Varianten, Optimierung und Abgleich mit dem Raumprogramm; Hürden sind Haftung, Eigentum an Ergebnissen und Zuverlässigkeit. Stützt Rollenwandel im Architekturbüro (FF5) und Haftung als Praxishürde (FF4); kleine, regionale Stichprobe. Crossref bestätigt AEDM 22(1), 67–82.",V,crossref
Q527,bloch2026unraveling,W,0,0,0,0,1,0,Kontext,B,1,Kontext,1.1,"Abstract (über OpenAlex nachgeholt): Mixed Methods mit Review, Kartierung von Technologiefirmen und Umfrage; Wissenschaft und Praxis setzen ML ähnlich ein, Industrie stärker bei Kosten und Terminen, Hauptbarriere fehlende gelabelte Daten. Nur Kontext zu FF5; nicht identisch mit Q032. Crossref bestätigt AEDM 22(4), 1144–1167.",V,crossref
Q528,elrawy2025perceptions,W,0,0,0,0,1,0,Kontext,B,0,Kontext,1.1,"Abstract (über OpenAlex nachgeholt): Umfrage und Interviews unter ägyptischen Architekten zu Text-to-Image-KI; hohe Akzeptanz, Sorgen um Arbeitsplätze und Kontrolle über Ergebnisse. Nur Kontext zu Berufsbild (FF5); Bildgenerierung und Marktumfeld kaum übertragbar. Crossref bestätigt AI & Society 40(6), 4235–4263.",V,crossref
Q529,frey2017future,W,0,0,0,0,1,0,Kontext,B,0,abgrenzen,1.1,"Abstract (ScienceDirect/Oxford-PDF): Gaussian-Process-Schätzung der Automatisierbarkeit von 702 US-Berufen auf O*NET-Basis (bekannt: rund 47 % der Beschäftigung mit hohem Risiko). Vielzitierte, methodisch umstrittene Obergrenze; nur zur Abgrenzung gegen die These vom Wegfall der Planer (FF5). Crossref bestätigt TFSC 114, 254–280.",V,crossref
Q530,autor2015why,W,0,0,0,0,2,0,Kontext,B,1,Kontext,6.1; 21.1,"Abstract (über OpenAlex nachgeholt): Automatisierung ersetzt kodifizierbare Routineaufgaben und ergänzt zugleich Problemlösung, Anpassungsfähigkeit und Kreativität; Ergebnis ist Polarisierung statt Wegfall. Theoretischer Rahmen für die Arbeitsteilung: Vertrieb und Planer verlieren Routinen, gewinnen Beratung und Prüfung (FF5). Crossref bestätigt JEP 29(3), 3–30.",V,crossref
